id_expediente;estado_expediente;id_asistencia;nombre_titular;nombre_contacto;usuario_que_apertura;creacion_asistencia;condicion_servicio;prioridad_atention;estado_asistencia;plan_servicio;servicio;plan;cuenta;etapa;usuario_que_asigna;tipo_asignacion;fecha_finalizacion_proveedor;fecha_finalizacion_asistencia;fecha_cancelacion_asistencia;justificacion_cancelacion;cantidad_llamadas
11;CERRADO;22;aficol2 aficol2 ;aficol2 aficol2 ;NATALYC;2023-12-14 15:13:09;En cobertura;PROGRAMADA;CONCLUIDA;PLANSER PRUEBA VIDEOLLAMADA;SERVICE PRUEBA HOGAR;PLAN PRUEBA COL;QAPRUEBA;10;PVCONTCOL;APP;;2023-12-14 15:21:06;;;0
7;CERRADO;14;AFICOL PRUEBA ;AFICOL PRUEBA ;NATALYC;2023-12-14 09:34:32;En cobertura;EMERGENCIA;CONCLUIDA;PLANSER PRUEBA VEHICLE1;SERVICE PRUEBA VEHICLE;PLAN PRUEBA COL;QAPRUEBA;10;PVCONTCOL;APP;;2023-12-14 14:20:04;;;0
7;CERRADO;19;AFICOL PRUEBA ;AFICOL PRUEBA ;NATALYC;2023-12-14 13:53:08;En cobertura;EMERGENCIA;CONCLUIDA;PLANSER PRUEBA VEHICLE1;SERVICE PRUEBA VEHICLE;PLAN PRUEBA COL;QAPRUEBA;10;NATALYC;ANCLAJE;;2023-12-14 14:20:37;;JUSTIFICACION PRUEBA QA;0
2;CERRADO;2;maria lopz ;maria lopz ;user_colombia;2023-11-29 16:44:36;En cobertura;EMERGENCIA;CONCLUIDA;plan servicio pruebas ikatech;Servicios ikatech;PLAN PRUEBA COL;QAPRUEBA;10;user_colombia;MANUAL;;2023-11-29 16:52:14;;;0
7;CERRADO;10;AFICOL PRUEBA ;AFICOL PRUEBA ;NATALYC;2023-12-11 15:21:20;En cobertura;EMERGENCIA;CONCLUIDA;PLANSER PRUEBA VEHICLE1;SERVICE PRUEBA VEHICLE;PLAN PRUEBA COL;QAPRUEBA;10;PVPRUEBACOL;APP;;2023-12-11 16:07:56;;;0
15;CERRADO;32;aficol2 aficol2 ;aficol2 aficol2 ;NATALYC;2023-12-29 09:43:32;En cobertura;PROGRAMADA;CONCLUIDA;PLANSER PRUEBA VIDEOLLAMADA;SERVICE PRUEBA HOGAR;PLAN PRUEBA COL;QAPRUEBA;10;NATALYC;ANCLAJE;;2023-12-29 09:54:14;;;0
7;CERRADO;11;AFICOL PRUEBA ;AFICOL PRUEBA ;NATALYC;2023-12-11 16:16:29;En cobertura;EMERGENCIA;CANCELADA;PLANSER PRUEBA HOME;SERVICE PRUEBA HOGAR;PLAN PRUEBA COL;QAPRUEBA;3;PVCONTCOL;APP;;;2023-12-11 17:19:17;SERVICIO DE PRUEBA;0
7;CERRADO;11;AFICOL PRUEBA ;AFICOL PRUEBA ;NATALYC;2023-12-11 16:16:29;En cobertura;EMERGENCIA;CANCELADA;PLANSER PRUEBA HOME;SERVICE PRUEBA HOGAR;PLAN PRUEBA COL;QAPRUEBA;3;PVPRUEBACOL;APP;;;2023-12-11 17:19:17;SERVICIO DE PRUEBA;0
7;CERRADO;20;AFICOL PRUEBA ;AFICOL PRUEBA ;NATALYC;2023-12-14 14:23:26;En cobertura;PROGRAMADA;CONCLUIDA;PLANSER PRUEBA VIDEOLLAMADA;SERVICE PRUEBA HOGAR;PLAN PRUEBA COL;QAPRUEBA;10;PVCONTCOL;APP;;2023-12-14 14:25:02;;;0
8;CERRADO;12;LINA VIVIANA RODRIGUEZ ;LINA VIVIANA RODRIGUEZ ;MGARZARO;2023-12-13 10:53:13;En cobertura;EMERGENCIA;CANCELADA;SERVICIO DE PLOMERIA;HOGAR - PLOMERIA;RV HOGAR;RV INMOBILIARIA;2;;;;;2023-12-13 10:56:14;CLIENTE INACTIVO;0
15;CERRADO;31;aficol2 aficol2 ;aficol2 aficol2 ;NATALYC;2023-12-29 09:15:09;En cobertura;PROGRAMADA;CONCLUIDA;PLANSER PRUEBA VEHICLE1;SERVICE PRUEBA VEHICLE;PLAN PRUEBA COL;QAPRUEBA;10;NATALYC;ANCLAJE;;2023-12-29 09:23:56;;;0
15;CERRADO;31;aficol2 aficol2 ;aficol2 aficol2 ;NATALYC;2023-12-29 09:15:09;En cobertura;PROGRAMADA;CONCLUIDA;PLANSER PRUEBA VEHICLE1;SERVICE PRUEBA VEHICLE;PLAN PRUEBA COL;QAPRUEBA;10;PVCONTCOL;APP;;2023-12-29 09:23:56;;;0
2;CERRADO;3;maria lopz ;maria lopz ;user_colombia;2023-11-29 16:53:31;En cobertura;PROGRAMADA;CONCLUIDA;plan servicio pruebas ikatech;Servicios ikatech;PLAN PRUEBA COL;QAPRUEBA;10;user_colombia;MANUAL;;2023-11-29 17:20:33;;;0
9;CERRADO;13;SONIA QUINTERO ;SONIA QUINTERO ;MGARZARO;2023-12-14 08:55:48;En cobertura;EMERGENCIA;CANCELADA;SERVICIO DE PLOMERIA;HOGAR - PLOMERIA;ASISTENCIA PROPIETARIO PLUS;RV INMOBILIARIA;2;;;;;2023-12-14 08:57:21;CLIENTE INACTIVO;0
7;CERRADO;21;AFICOL PRUEBA ;AFICOL PRUEBA ;NATALYC;2023-12-14 14:25:45;En cobertura;PROGRAMADA;CONCLUIDA;PLANSER PRUEBA VIDEOLLAMADA;SERVICE PRUEBA HOGAR;PLAN PRUEBA COL;QAPRUEBA;10;NATALYC;ANCLAJE;;2023-12-14 14:40:20;;;0
17;CERRADO;34;ikatech solutions ;ikatech solutions ;NATALYC;2024-01-05 17:26:12;En cobertura;EMERGENCIA;CANCELADA;PLANSER PRUEBA VIDEOLLAMADA;SERVICE PRUEBA HOGAR;PLAN PRUEBA COL;QAPRUEBA;2;;;;;2024-01-05 17:26:28;CLIENTE INACTIVO;0
2;CERRADO;4;maria lopz ;maria lopz ;user_colombia;2023-11-29 17:31:48;En cobertura;EMERGENCIA;CONCLUIDA;plan servicio pruebas ikatech;Servicios ikatech;PLAN PRUEBA COL;QAPRUEBA;10;ikatech-jhonny;APP;;2023-11-29 17:40:08;;;0
10;CERRADO;16;FABIO DARIO MERCHAN GALINDO ;FABIO DARIO MERCHAN GALINDO ;MGARZARO;2023-12-14 12:29:55;En cobertura;EMERGENCIA;CANCELADA;SERVICIO DE PLOMERIA;HOGAR - PLOMERIA;RV HOGAR;RV INMOBILIARIA;2;;;;;2023-12-14 12:31:39;CLIENTE INACTIVO;0
1;CERRADO;1;lola lop ;lola lop ;user_colombia;2023-11-29 15:33:57;En cobertura;EMERGENCIA;CANCELADA;plan servicio pruebas ikatech;Servicios ikatech;PLAN PRUEBA COL;QAPRUEBA;4;ikatech-jhonny;APP;;;2023-12-01 09:29:58;SERVICIO DE PRUEBA;0
11;CERRADO;23;aficol2 aficol2 ;aficol2 aficol2 ;NATALYC;2023-12-14 15:21:27;En cobertura;PROGRAMADA;CONCLUIDA;PLANSER PRUEBA VIDEOLLAMADA;SERVICE PRUEBA HOGAR;PLAN PRUEBA COL;QAPRUEBA;10;PVCONTCOL;APP;;2023-12-14 15:37:03;;;1
6;CERRADO;9;DAVID YOANI MACIALES;DAVID YOANI MACIALES;DJIMENEZ;2023-12-11 10:21:17;En cobertura;EMERGENCIA;CANCELADA;PLOMERIA;HOGAR - PLOMERIA;MULTIASISTENCIA RV PLUS;RV INMOBILIARIA;2;;;;;2023-12-28 00:49:36;CLIENTE INACTIVO;0
13;CERRADO;25;jorge torres martinez;jorge torres martinez;CECHOXOM;2023-12-18 17:58:30;En cobertura;EMERGENCIA;CANCELADA;SERVICIO DE PLOMERIA;HOGAR - PLOMERIA;RV HOGAR;RV INMOBILIARIA;2;;;;;2023-12-28 00:49:52;CLIENTE INACTIVO;0
1;CERRADO;5;lola lop ;lola lop ;user_colombia;2023-12-01 09:31:22;En cobertura;EMERGENCIA;CONCLUIDA;plan servicio pruebas ikatech;Servicios ikatech;PLAN PRUEBA COL;QAPRUEBA;10;ikatech-jhonny;APP;;2023-12-01 09:36:14;;;0
12;CERRADO;24;camila andre rodriguez ;camila andre rodriguez ;CECHOXOM;2023-12-14 15:32:14;En cobertura;EMERGENCIA;CANCELADA;SERVICIO DE ELECTRICIDAD;HOGAR - ELECTRICIDAD;RV HOGAR;RV INMOBILIARIA;2;;;;;2023-12-28 00:50:07;CLIENTE INACTIVO;0
7;CERRADO;15;AFICOL PRUEBA ;AFICOL PRUEBA ;NATALYC;2023-12-14 09:57:36;En cobertura;PROGRAMADA;CONCLUIDA;PLANSER PRUEBA HOME;SERVICE PRUEBA HOGAR;PLAN PRUEBA COL;QAPRUEBA;10;NATALYC;ANCLAJE;;;;;0
1;CERRADO;6;lola lop ;lola lop ;user_colombia;2023-12-01 09:38:02;En cobertura;PROGRAMADA;CANCELADA;plan servicio pruebas ikatech;Servicios ikatech;PLAN PRUEBA COL;QAPRUEBA;4;ikatech-jhonny;APP;;;2023-12-01 09:57:04;SERVICIO DE PRUEBA;0
4;CERRADO;7;CATHERINE SAMANTHA GARCIA;CATHERINE SAMANTHA GARCIA;DJIMENEZ;2023-12-06 09:09:24;En cobertura;EMERGENCIA;CANCELADA;SERVICIOS DE CONEXIÓN EN EL HOGAR;REFERENCIA - REFERENCIA Y CORDINANCIÓN TELEFÓNICA;RV HOGAR;RV INMOBILIARIA;10;;;;;2023-12-28 00:50:52;PROCEDIMIENTO DE CONSULTA;0
5;CERRADO;8;SEBASTIAN HERNANDEZ SD;SEBASTIAN HERNANDEZ SD;DJIMENEZ;2023-12-06 15:43:09;En cobertura;PROGRAMADA;CANCELADA;SERVICIO DE PLOMERIA;HOGAR - PLOMERIA;RV HOGAR;RV INMOBILIARIA;2;;;;;2023-12-06 16:26:46;CLIENTE INACTIVO;0
15;CERRADO;33;aficol2 aficol2 ;aficol2 aficol2 ;NATALYC;2023-12-29 09:54:35;En cobertura;PROGRAMADA;CONCLUIDA;PLANSER PRUEBA VIDEOLLAMADA;SERVICE PRUEBA HOGAR;PLAN PRUEBA COL;QAPRUEBA;10;PVCONTCOL;APP;;2023-12-29 10:02:39;;;0
7;CERRADO;17;AFICOL PRUEBA ;AFICOL PRUEBA ;NATALYC;2023-12-14 13:22:23;En cobertura;EMERGENCIA;CANCELADA;PLANSER PRUEBA VEHICLE1;SERVICE PRUEBA VEHICLE;PLAN PRUEBA COL;QAPRUEBA;3;PVPRUEBACOL;APP;;;2023-12-14 13:30:37;SERVICIO DE PRUEBA;0
7;CERRADO;17;AFICOL PRUEBA ;AFICOL PRUEBA ;NATALYC;2023-12-14 13:22:23;En cobertura;EMERGENCIA;CANCELADA;PLANSER PRUEBA VEHICLE1;SERVICE PRUEBA VEHICLE;PLAN PRUEBA COL;QAPRUEBA;3;PVPRUEBACOL;APP;;;2023-12-14 13:30:37;SERVICIO DE PRUEBA;0
14;CERRADO;26;AFICOL PRUEBA ;AFICOL PRUEBA ;NATALYC;2023-12-28 17:51:18;En cobertura;EMERGENCIA;CANCELADA;PLANSER PRUEBA VEHICLE1;SERVICE PRUEBA VEHICLE;PLAN PRUEBA COL;QAPRUEBA;4;PVCONTCOL;APP;;;2023-12-28 18:07:39;PRUEBA JUSTIFCIACION COL;0
15;CERRADO;27;aficol2 aficol2 ;aficol2 aficol2 ;NATALYC;2023-12-29 08:12:15;En cobertura;EMERGENCIA;CANCELADA;PLANSER PRUEBA VEHICLE1;SERVICE PRUEBA VEHICLE;PLAN PRUEBA COL;QAPRUEBA;9;PVPRUEBACOL;APP;;;2023-12-29 10:13:33;SERVICIO DE PRUEBA;0
15;CERRADO;27;aficol2 aficol2 ;aficol2 aficol2 ;NATALYC;2023-12-29 08:12:15;En cobertura;EMERGENCIA;CANCELADA;PLANSER PRUEBA VEHICLE1;SERVICE PRUEBA VEHICLE;PLAN PRUEBA COL;QAPRUEBA;9;NATALYC;ANCLAJE;;;2023-12-29 10:13:33;SERVICIO DE PRUEBA;0
17;CERRADO;49;ikatech solutions ;ikatech solutions ;NATALYC;2024-04-22 18:14:36;En cobertura;EMERGENCIA;CANCELADA;PLANSER PRUEBA VEHICLE1;SERVICE PRUEBA VEHICLE;PLAN PRUEBA COL;QAPRUEBA;10;NATALYC;MANUAL;2024-04-22 18:16:25;;2024-04-22 18:16:52;SERVICIO DE PRUEBA;0
18;CERRADO;36;carmensa rodrigues muñoz;carmensa rodrigues muñoz;DJIMENEZ;2024-01-10 11:30:57;En cobertura;EMERGENCIA;CANCELADA;SERVICIO DE PLOMERIA;HOGAR - PLOMERIA;RV HOGAR;RV INMOBILIARIA;2;;;;;2024-01-12 08:26:52;CLIENTE INACTIVO;0
19;CERRADO;37;MARIA MARGARITA VERCINO ;MARIA MARGARITA VERCINO ;MGARZARO;2024-01-12 08:28:15;En cobertura;EMERGENCIA;CANCELADA;SERVICIO DE PLOMERIA;HOGAR - PLOMERIA;ASISTENCIA PROPIETARIO PLUS;RV INMOBILIARIA;2;;;;;2024-01-12 08:29:38;CLIENTE INACTIVO;0
7;CERRADO;18;AFICOL PRUEBA ;AFICOL PRUEBA ;NATALYC;2023-12-14 13:31:54;En cobertura;EMERGENCIA;CONCLUIDA;PLANSER PRUEBA VEHICLE1;SERVICE PRUEBA VEHICLE;PLAN PRUEBA COL;QAPRUEBA;10;PVPRUEBACOL;APP;;2023-12-14 13:49:37;;;0
20;CERRADO;38;gurgen triana ;gurgen triana ;CDVIEYRA;2024-01-12 16:53:17;En cobertura;EMERGENCIA;CANCELADA;TODERO EN CASA;HOGAR - VARIOS HOGAR;ASISTENCIA INQUILINO PLUS;RV INMOBILIARIA;2;;;;;2024-01-12 17:46:56;SERVICIO FUERA DE COBERTURA;0
21;CERRADO;39;LESLI JOHANA GOMEZ ;LESLI JOHANA GOMEZ ;MGARZARO;2024-01-16 17:03:37;En cobertura;EMERGENCIA;CANCELADA;SERVICIO DE ELECTRICIDAD;HOGAR - ELECTRICIDAD;ASISTENCIA PROPIETARIO PLUS;RV INMOBILIARIA;2;;;;;2024-01-16 17:04:21;CLIENTE SOLUCIONÓ LA EMERGENCIA ANTES DE ASIGNAR;0
15;CERRADO;28;aficol2 aficol2 ;aficol2 aficol2 ;NATALYC;2023-12-29 08:46:16;En cobertura;EMERGENCIA;CONCLUIDA;PLANSER PRUEBA VEHICLE1;SERVICE PRUEBA VEHICLE;PLAN PRUEBA COL;QAPRUEBA;10;PVPRUEBACOL;APP;;;;;0
22;CERRADO;40;KAREN  VALENTINA VELASCO OCHOA ;KAREN  VALENTINA VELASCO OCHOA ;MGARZARO;2024-01-24 10:29:48;En cobertura;EMERGENCIA;CANCELADA;SERVICIO DE PLOMERIA;HOGAR - PLOMERIA;ASISTENCIA PROPIETARIO PLUS;RV INMOBILIARIA;2;;;;;2024-01-24 10:33:08;CLIENTE INACTIVO;0
24;CERRADO;42;luz elena c alderon;luz elena c alderon;CECHOXOM;2024-01-26 11:19:57;En cobertura;EMERGENCIA;CANCELADA;SERVICIO DE ELECTRICIDAD;HOGAR - ELECTRICIDAD;RV HOGAR;RV INMOBILIARIA;2;;;;;2024-01-26 17:40:47;CLIENTE INACTIVO;0
23;CERRADO;41;jose javier arango ;jose javier arango ;CECHOXOM;2024-01-25 14:23:05;En cobertura;PROGRAMADA;CANCELADA;SERVICIO DE ELECTRICIDAD;HOGAR - ELECTRICIDAD;RV HOGAR;RV INMOBILIARIA;2;;;;;2024-01-26 17:40:55;CLIENTE INACTIVO;0
15;CERRADO;29;aficol2 aficol2 ;aficol2 aficol2 ;NATALYC;2023-12-29 08:51:18;En cobertura;PROGRAMADA;CONCLUIDA;PLANSER PRUEBA HOME;SERVICE PRUEBA HOGAR;PLAN PRUEBA COL;QAPRUEBA;10;PVCONTCOL;APP;;;;;0
16;CERRADO;30;AFICOL PRUEBA ;aficol2 aficol2 ;userapp;2023-12-29 09:10:12;En cobertura;EMERGENCIA;CANCELADA;PLANSER PRUEBA VEHICLE1;SERVICE PRUEBA VEHICLE;PLAN PRUEBA COL;QAPRUEBA;2;;;;;2023-12-29 09:12:09;PROCEDIMIENTO DE CONSULTA;0
25;CERRADO;43;ELILIANA SALAZAR ;ELILIANA SALAZAR ;CECHOXOM;2024-01-30 11:34:18;En cobertura;EMERGENCIA;CANCELADA;SERVICIO DE PLOMERIA;HOGAR - PLOMERIA;RV HOGAR;RV INMOBILIARIA;2;;;;;2024-01-30 11:40:30;SERVICIO FUERA DE COBERTURA;0
17;CERRADO;35;ikatech solutions ;ikatech solutions ;NATALYC;2024-01-05 17:27:02;En cobertura;EMERGENCIA;CANCELADA;PLANSER PRUEBA HOME;SERVICE PRUEBA HOGAR;PLAN PRUEBA COL;QAPRUEBA;4;NATALYC;MANUAL;;;2024-02-04 17:22:06;SERVICIO DE PRUEBA;0
26;CERRADO;44;PEDRO ORLANDO GARZON;PEDRO ORLANDO GARZON;DJIMENEZ;2024-01-30 16:46:30;En cobertura;PROGRAMADA;CANCELADA;SERVICIO DE PLOMERIA;HOGAR - PLOMERIA;RV HOGAR;RV INMOBILIARIA;2;;;;;2024-01-30 18:03:53;CLIENTE INACTIVO;0
59;CERRADO;80;AFICOL PRUEBA ;AFICOL PRUEBA ;NATALYC;2025-01-15 10:51:25;En cobertura;EMERGENCIA;CANCELADA;PLANSER PRUEBA VEHICLE1;SERVICE PRUEBA VEHICLE;PLAN PRUEBA COL;QAPRUEBA;2;;;;;2025-01-15 11:37:02;SERVICIO DE PRUEBA;1
31;CERRADO;50;prueba prueba ;prueba prueba ;NATALYC;2024-05-24 11:11:05;En cobertura;EMERGENCIA;CANCELADA;plan servicio pruebas ikatech;Servicios ikatech;PLAN PRUEBA COL;QAPRUEBA;2;;;;;2024-05-24 11:11:23;SERVICIO DE PRUEBA;0
33;CERRADO;52;CASANDRA GARABITO PAVON ;CASANDRA GARABITO PAVON ;MGARZARO;2024-05-30 09:53:59;En cobertura;EMERGENCIA;CANCELADA;SERVICIO DE PLOMERIA;HOGAR - PLOMERIA;ASISTENCIA PROPIETARIO PLUS;RV INMOBILIARIA;2;;;;;2024-05-30 09:58:54;CLIENTE INACTIVO;0
35;CERRADO;54;aficol2 aficol2 ;USUARIO10 USUARIO11 ;DPOSSO;2024-07-16 10:24:36;En cobertura;EMERGENCIA;CANCELADA;PLANSER PRUEBA HOME;SERVICE PRUEBA HOGAR;PLAN PRUEBA COL;QAPRUEBA;2;;;;;2024-07-16 10:28:14;SERVICIO DE PRUEBA;1
65;CERRADO;90;jhoana laderma laderma;jhoana laderma laderma;BMENESES;2025-04-26 10:26:39;En cobertura;EMERGENCIA;CANCELADA;SERVICIO DE PLOMERIA;HOGAR - PLOMERIA;RV HOGAR;RV INMOBILIARIA;2;;;;;2025-04-26 11:07:36;SERVICIO FUERA DE COBERTURA;1
37;CERRADO;56;PRUEBA USUARIO ;PRUEBA USUARIO ;NATALYC;2024-07-30 18:44:57;En cobertura;EMERGENCIA;CANCELADA;plan servicio pruebas ikatech;Servicios ikatech;PLAN PRUEBA COL;QAPRUEBA;2;;;;;2024-07-31 08:02:04;ERROR DE DIGITACIÓN;1
39;CERRADO;58;ESTEBAN LOPEZ ARIDAS;ESTEBAN LOPEZ ARIDAS;DJIMENEZ;2024-08-29 11:40:33;En cobertura;EMERGENCIA;CANCELADA;SERVICIO DE ELECTRICIDAD;HOGAR - ELECTRICIDAD;RV HOGAR;RV INMOBILIARIA;2;;;;;2024-08-29 12:23:50;CLIENTE INACTIVO;0
60;CERRADO;82;aficol2 aficol2 ;aficol2 aficol2 ;NATALYC;2025-01-15 11:45:40;En cobertura;EMERGENCIA;CANCELADA;PLANSER PRUEBA VEHICLE3;SERVICE PRUEBA VEHICLE;PLAN PRUEBA COL;QAPRUEBA;2;;;;;2025-02-19 18:25:13;SERVICIO DE PRUEBA;7
62;CERRADO;84;TEST UNO QA ;TEST UNO QA ;PRUEBASIKA1;2025-02-04 13:14:20;En cobertura;EMERGENCIA;CANCELADA;PLANSER PRUEBA VEHICLE3;SERVICE PRUEBA VEHICLE;PLAN PRUEBA COL;QAPRUEBA;2;PRUEBASIKA1;MANUAL;;;2025-02-04 13:19:45;CLIENTE NO PUEDE ESPERAR AL PROVEEDOR DESPUES DEL TEAM;0
62;CERRADO;84;TEST UNO QA ;TEST UNO QA ;PRUEBASIKA1;2025-02-04 13:14:20;En cobertura;EMERGENCIA;CANCELADA;PLANSER PRUEBA VEHICLE3;SERVICE PRUEBA VEHICLE;PLAN PRUEBA COL;QAPRUEBA;2;PRUEBASIKA1;MANUAL;;;2025-02-04 13:19:45;CLIENTE NO PUEDE ESPERAR AL PROVEEDOR DESPUES DEL TEAM;0
46;ABIERTO;86;PRUEBA USUARIO ;PRUEBA USUARIO ;PRUEBASIKA1;2025-02-19 17:43:28;En cobertura;EMERGENCIA;CANCELADA;plan servicio pruebas ikatech;Servicios ikatech;PLAN PRUEBA COL;QAPRUEBA;3;PRUEBASIKA1;MANUAL;;;2025-02-19 18:48:42;SERVICIO DE PRUEBA;1
69;CERRADO;94;BRYAN RIVERA ;BRYAN RIVERA ;DLOPEZ;2025-06-05 13:48:53;En cobertura;EMERGENCIA;CANCELADA;SERVICIOS DE GESTON ARTISOFT;REFERENCIA - REFERENCIA Y CORDINANCIÓN TELEFÓNICA;ARTISOFT;ARTISOFT;10;;;;;2025-06-12 09:19:13;PROCEDIMIENTO DE CONSULTA;0
40;CERRADO;62;PRUEBA PRUEBA ;PRUEBA PRUEBA ;NATALYC;2024-10-22 14:06:04;En cobertura;EMERGENCIA;CONCLUIDA;PLANSER PRUEBA VEHICLE2;SERVICE PRUEBA VEHICLE;PLAN PRUEBA COL;QAPRUEBA;10;NATALYC;MANUAL;2024-10-22 14:06:56;2024-10-22 14:07:14;;;0
67;CERRADO;92;ABNER SANTIAGO ;ABNER SANTIAGO ;DLOPEZ;2025-06-04 13:54:34;En cobertura;EMERGENCIA;CANCELADA;SERVICIOS DE GESTON ARTISOFT;REFERENCIA - REFERENCIA Y CORDINANCIÓN TELEFÓNICA;ARTISOFT;ARTISOFT;10;;;;;2025-06-12 09:19:25;PROCEDIMIENTO DE CONSULTA;0
42;CERRADO;64;edier acosta forrero;edier acosta forrero;BMENESES;2024-11-01 09:10:51;En cobertura;EMERGENCIA;CANCELADA;SERVICIO DE PLOMERIA;HOGAR - PLOMERIA;RV HOGAR;RV INMOBILIARIA;2;;;;;2024-11-02 03:39:47;CLIENTE INACTIVO;2
66;CERRADO;91;PRUEBA PRUEBA ;CESAR ROJAS GALVIS;CGALVIS;2025-05-28 15:17:13;En cobertura;EMERGENCIA;CANCELADA;SERVICIOS DE GESTON ARTISOFT;REFERENCIA - REFERENCIA Y CORDINANCIÓN TELEFÓNICA;ARTISOFT;ARTISOFT;10;;;;;2025-06-12 16:54:02;PROCEDIMIENTO DE CONSULTA;0
40;CERRADO;60;PRUEBA PRUEBA ;PRUEBA PRUEBA ;NATALYC;2024-10-22 12:29:10;En cobertura;EMERGENCIA;CONCLUIDA;PLANSER PRUEBA VEHICLE4;SERVICE PRUEBA VEHICLE;PLAN PRUEBA COL;QAPRUEBA;10;NATALYC;MANUAL;2024-10-22 14:03:45;2024-10-22 14:04:19;;;0
64;CERRADO;88;DIEGO POSSO Posso;DIEGO POSSO Posso;DPOSSO;2025-03-06 09:10:14;En cobertura;EMERGENCIA;CANCELADA;MEDICO AL DOMICILIO;MEDICA - PRESTACIÓN MÉDICA DOMICILIAR;VIP;ADDIUVA COLOMBIA;3;DPOSSO;MANUAL;;;2025-03-06 09:17:31;SERVICIO DE PRUEBA;0
43;CERRADO;66;PRUEBA QA ;PRUEBA QA ;NATALYC;2024-11-07 10:16:26;En cobertura;EMERGENCIA;CANCELADA;PLANSER PRUEBA HOME;SERVICE PRUEBA HOGAR;PLAN PRUEBA COL;QAPRUEBA;4;NATALYC;MANUAL;;;2024-11-07 10:46:35;CLIENTE NO PUEDE ESPERAR AL PROVEEDOR DESPUES DEL TEAM;0
45;CERRADO;68;PRUEBA USUARIO ;PRUEBA USUARIO ;NATALYC;2024-11-18 11:28:35;En cobertura;EMERGENCIA;CANCELADA;plan servicio pruebas ikatech;Servicios ikatech;PLAN PRUEBA COL;QAPRUEBA;2;;;;;2024-11-18 11:28:57;CLIENTE INACTIVO;1
47;CERRADO;70;PRUEBA USUARIO ;PRUEBA USUARIO ;NATALYC;2024-11-18 18:08:16;En cobertura;EMERGENCIA;CANCELADA;plan servicio pruebas ikatech;Servicios ikatech;PLAN PRUEBA COL;QAPRUEBA;2;;;;;2024-11-18 19:09:21;SERVICIO DE PRUEBA;1
71;CERRADO;96;CHRISTIAN DEAN ;CHRISTIAN DEAN ;JMALDANA;2025-06-13 15:18:20;En cobertura;EMERGENCIA;CONCLUIDA;SERVICIOS DE GESTON ARTISOFT;REFERENCIA - REFERENCIA Y CORDINANCIÓN TELEFÓNICA;ARTISOFT;ARTISOFT;10;;;;2025-06-13 15:39:03;;;0
49;CERRADO;72;aficol2 aficol2 ;aficol2 aficol2 ;NATALYC;2024-11-19 12:30:07;En cobertura;EMERGENCIA;CANCELADA;PLANSER PRUEBA HOME;SERVICE PRUEBA HOGAR;PLAN PRUEBA COL;QAPRUEBA;2;;;;;2024-12-03 10:38:52;SERVICIO DE PRUEBA;1
51;CERRADO;74;yimele sabogal sabogal;yimele sabogal sabogal;BMENESES;2024-11-21 13:45:27;En conexión;EMERGENCIA;CANCELADA;SERVICIO DE PLOMERIA;HOGAR - PLOMERIA;RV HOGAR;RV INMOBILIARIA;2;;;;;2024-12-03 10:39:44;CLIENTE INACTIVO;3
53;CERRADO;76;laura maria pamiño miño;laura maria pamiño miño;BMENESES;2024-11-29 09:58:53;En cobertura;PROGRAMADA;CANCELADA;SERVICIO DE PLOMERIA;HOGAR - PLOMERIA;RV HOGAR;RV INMOBILIARIA;2;;;;;2024-12-03 10:41:27;CLIENTE INACTIVO;0
72;CERRADO;97;SHAQUILLE THOMPSON ;SHAQUILLE THOMPSON ;JMALDANA;2025-06-15 15:39:55;En cobertura;EMERGENCIA;CONCLUIDA;SERVICIOS DE GESTON ARTISOFT;REFERENCIA - REFERENCIA Y CORDINANCIÓN TELEFÓNICA;ARTISOFT;ARTISOFT;10;;;;2025-06-15 15:42:42;;;0
75;CERRADO;99;PLEFCUL RHUL ;PLEFCUL RHUL ;JMALDANA;2025-06-16 18:09:53;En cobertura;EMERGENCIA;CONCLUIDA;SERVICIOS DE GESTON ARTISOFT;REFERENCIA - REFERENCIA Y CORDINANCIÓN TELEFÓNICA;ARTISOFT;ARTISOFT;10;;;;2025-06-16 18:10:21;;;0
57;CERRADO;78;PRUEBA USUARIO ;PRUEBA USUARIO ;NATALYC;2025-01-14 12:40:37;En cobertura;EMERGENCIA;CANCELADA;plan servicio pruebas ikatech;Servicios ikatech;PLAN PRUEBA COL;QAPRUEBA;2;;;;;2025-01-15 11:35:39;SERVICIO DE PRUEBA;4
79;CERRADO;103;SIMONNA ARLI ;SIMONNA ARLI ;BRAMIREZ;2025-06-19 06:27:51;En cobertura;EMERGENCIA;CONCLUIDA;SERVICIOS DE GESTON ARTISOFT;REFERENCIA - REFERENCIA Y CORDINANCIÓN TELEFÓNICA;ARTISOFT;ARTISOFT;10;;;;2025-06-19 06:28:18;;;0
76;ABIERTO;100;REMON JONES ;REMON JONES ;KEVINRIOS;2025-06-17 12:19:07;En cobertura;EMERGENCIA;CONCLUIDA;SERVICIOS DE GESTON ARTISOFT;REFERENCIA - REFERENCIA Y CORDINANCIÓN TELEFÓNICA;ARTISOFT;ARTISOFT;10;;;;2025-06-17 12:26:27;;;0
78;CERRADO;102;ROBERT MAKINTOSH ;ROBERT MAKINTOSH ;DLOPEZ;2025-06-18 17:44:33;En cobertura;EMERGENCIA;CONCLUIDA;SERVICIOS DE GESTON ARTISOFT;REFERENCIA - REFERENCIA Y CORDINANCIÓN TELEFÓNICA;ARTISOFT;ARTISOFT;10;;;;2025-06-18 17:49:00;;;0
81;CERRADO;105;ROBERT MCCINTOSH ;ROBERT MCCINTOSH ;MMORESAN;2025-06-20 19:33:32;En cobertura;EMERGENCIA;CONCLUIDA;SERVICIOS DE GESTON ARTISOFT;REFERENCIA - REFERENCIA Y CORDINANCIÓN TELEFÓNICA;ARTISOFT;ARTISOFT;10;;;;2025-06-20 19:42:45;;;0
83;ABIERTO;107;MICHELL THOMPSON ;MICHELL THOMPSON ;SRAMIREZP;2025-06-24 10:07:04;En cobertura;EMERGENCIA;CONCLUIDA;SERVICIOS DE GESTON ARTISOFT;REFERENCIA - REFERENCIA Y CORDINANCIÓN TELEFÓNICA;ARTISOFT;ARTISOFT;10;;;;2025-06-27 14:59:16;;;0
85;CERRADO;109;ROBERT MACHINDOSH ;ROBERT MACHINDOSH ;JMALDANA;2025-06-25 16:46:39;En cobertura;EMERGENCIA;CONCLUIDA;SERVICIOS DE GESTON ARTISOFT;REFERENCIA - REFERENCIA Y CORDINANCIÓN TELEFÓNICA;ARTISOFT;ARTISOFT;10;;;;2025-06-25 16:48:03;;;0
87;CERRADO;111;SANDY PACKER ;SANDY PACKER ;DLOPEZ;2025-06-26 14:23:19;En cobertura;EMERGENCIA;CONCLUIDA;SERVICIOS DE GESTON ARTISOFT;REFERENCIA - REFERENCIA Y CORDINANCIÓN TELEFÓNICA;ARTISOFT;ARTISOFT;10;;;;2025-06-26 14:39:36;;;0
153;ABIERTO;177;TAMMY RAMEY ;TAMMY RAMEY ;JMALDANA;2025-08-02 16:23:51;En cobertura;EMERGENCIA;CONCLUIDA;SERVICIOS DE GESTON ARTISOFT;REFERENCIA - REFERENCIA Y CORDINANCIÓN TELEFÓNICA;ARTISOFT;ARTISOFT;10;;;;2025-08-02 16:24:40;;;0
59;CERRADO;81;AFICOL PRUEBA ;AFICOL PRUEBA ;NATALYC;2025-01-15 10:54:34;En cobertura;EMERGENCIA;CANCELADA;PLANSER PRUEBA VEHICLE3;SERVICE PRUEBA VEHICLE;PLAN PRUEBA COL;QAPRUEBA;2;;;;;2025-01-15 11:37:39;SERVICIO DE PRUEBA;1
27;CERRADO;45;OPERACIONES IKATECH ;OPERACIONES IKATECH ;jeniferm2;2024-02-06 09:48:32;En cobertura;EMERGENCIA;CANCELADA;plan servicio pruebas ikatech;Servicios ikatech;PLAN PRUEBA COL;QAPRUEBA;8;operaciones5;APP;;;2024-02-06 10:15:35;ERROR DE DIGITACIÓN;0
28;CERRADO;46;gabriel bautista ;gabriel bautista ;CECHOXOM;2024-03-18 13:05:57;En cobertura;PROGRAMADA;CANCELADA;SERVICIO DE ELECTRICIDAD;HOGAR - ELECTRICIDAD;RV HOGAR;RV INMOBILIARIA;2;;;;;2024-03-18 13:10:35;CLIENTE INACTIVO;0
38;CERRADO;57;DANIEL sd sd;DANIEL sd sd;DACORTES;2024-08-21 11:54:55;En cobertura;EMERGENCIA;CANCELADA;CAMBIO DE LLANTA - PASO DE CORRIENTE - ENVÍO DE COMBUSTIBLE - CERRAJERIA;VEHICULAR - AUXILIO VIAL;ASISTENCIA PROPIETARIO PLUS;RV INMOBILIARIA;2;;;;;2024-09-03 22:28:24;SERVICIO DE PRUEBA;0
29;CERRADO;47;PEDRO EDUARDO BEREIRA SD;PEDRO EDUARDO BEREIRA SD;DJIMENEZ;2024-03-31 08:42:18;En cobertura;PROGRAMADA;CANCELADA;SERVICIO DE CERRAJERIA;HOGAR - CERRAJERIA;RV HOGAR;RV INMOBILIARIA;2;;;;;2024-04-01 13:21:56;CLIENTE INACTIVO;0
36;CERRADO;55;qa q ;qa q ;NATALYC;2024-07-26 09:52:23;En cobertura;PROGRAMADA;CANCELADA;plan servicio pruebas ikatech;Servicios ikatech;PLAN PRUEBA COL;QAPRUEBA;2;;;;;2024-09-03 22:28:39;SERVICIO DE PRUEBA;0
40;CERRADO;61;PRUEBA PRUEBA ;PRUEBA PRUEBA ;NATALYC;2024-10-22 14:04:44;En cobertura;EMERGENCIA;CONCLUIDA;PLANSER PRUEBA VEHICLE1;SERVICE PRUEBA VEHICLE;PLAN PRUEBA COL;QAPRUEBA;10;NATALYC;MANUAL;2024-10-22 14:05:35;2024-10-22 14:05:51;;;0
41;CERRADO;59;valentina murcia villamisar;valentina murcia villamisar;BMENESES;2024-10-22 12:27:30;En cobertura;EMERGENCIA;CANCELADA;SERVICIO DE PLOMERIA;HOGAR - PLOMERIA;RV HOGAR;RV INMOBILIARIA;2;;;;;2024-10-22 13:50:11;SERVICIO FUERA DE COBERTURA;2
32;CERRADO;51;DIEGO POSSO GALEANO LOPEZ;DIEGO POSSO GALEANO LOPEZ;DPOSSO;2024-05-24 11:51:56;En cobertura;EMERGENCIA;CANCELADA;CERRAJERIA VEHICULAR;VEHICULAR - CERRAJERIA VIAL;ASISTENCIA INQUILINO PLUS;RV INMOBILIARIA;3;DPOSSO;MANUAL;;;2024-06-04 16:36:50;SERVICIO DE PRUEBA;0
61;CERRADO;83;PRUEBA1 prueba ;PRUEBA PRUEBA ;NATALYC;2025-01-27 17:21:42;En cobertura;EMERGENCIA;CANCELADA;PLANSER PRUEBA VIDEOLLAMADA;SERVICE PRUEBA HOGAR;PLAN PRUEBA COL;QAPRUEBA;2;;;;;2025-01-27 17:33:05;SERVICIO DE PRUEBA;0
30;CERRADO;48;PATRICIA SANCHEZ ;PATRICIA SANCHEZ ;CECHOXOM;2024-04-02 11:27:22;En cobertura;PROGRAMADA;CANCELADA;SERVICIO DE PLOMERIA;HOGAR - PLOMERIA;RV HOGAR;RV INMOBILIARIA;2;;;;;2024-04-03 21:45:44;CLIENTE INACTIVO;0
34;CERRADO;53;JOSE GUILVERTO MANZO CORTES;JOSE GUILVERTO MANZO CORTES;DJIMENEZ;2024-06-19 15:30:16;En cobertura;PROGRAMADA;CANCELADA;SERVICIO DE PLOMERIA;HOGAR - PLOMERIA;RV HOGAR;RV INMOBILIARIA;2;;;;;2024-07-02 14:58:09;CLIENTE INACTIVO;0
40;CERRADO;63;PRUEBA PRUEBA ;PRUEBA PRUEBA ;NATALYC;2024-10-22 14:12:41;En cobertura;EMERGENCIA;CANCELADA;PLANSER PRUEBA VEHICLE3;SERVICE PRUEBA VEHICLE;PLAN PRUEBA COL;QAPRUEBA;4;NATALYC;MANUAL;;;2024-10-22 14:22:29;SERVICIO DE PRUEBA;0
70;CERRADO;95;BRYAN RIVERA ;BRYAN RIVERA ;DLOPEZ;2025-06-05 13:54:40;En cobertura;EMERGENCIA;CANCELADA;SERVICIOS DE GESTON ARTISOFT;REFERENCIA - REFERENCIA Y CORDINANCIÓN TELEFÓNICA;ARTISOFT;ARTISOFT;10;;;;;2025-06-12 09:19:08;PROCEDIMIENTO DE CONSULTA;0
63;CERRADO;85;PRUEBA QA ;PRUEBA QA ;idiomaika;2025-02-04 15:27:25;En cobertura;PROGRAMADA;CANCELADA;plan servicio pruebas ikatech;Servicios ikatech;PLAN PRUEBA COL;QAPRUEBA;2;;;;;2025-02-04 15:29:56;CLIENTE INACTIVO;0
43;CERRADO;65;PRUEBA QA ;PRUEBA QA ;NATALYC;2024-11-07 10:11:40;En cobertura;EMERGENCIA;CANCELADA;PLANSER PRUEBA HOME;SERVICE PRUEBA HOGAR;PLAN PRUEBA COL;QAPRUEBA;3;NATALYC;MANUAL;;;2024-11-07 10:14:40;CLIENTE NO ACEPTA EL PROVEEDOR ENVIADO;0
68;CERRADO;93;RYAN RIVERA ;RYAN RIVERA ;BRAMIREZ;2025-06-04 14:01:43;En cobertura;EMERGENCIA;CANCELADA;SERVICIOS DE GESTON ARTISOFT;REFERENCIA - REFERENCIA Y CORDINANCIÓN TELEFÓNICA;ARTISOFT;ARTISOFT;10;;;;;2025-06-12 09:19:17;PROCEDIMIENTO DE CONSULTA;0
193;CERRADO;217;PRUEBA RUTAS ;PRUEBA RUTAS ;IKATECHPRUEBAS;2025-09-04 14:34:53;En cobertura;PROGRAMADA;CANCELADA;INTERNET HOGAR - INSTALACIÓN;HOGAR - CERRAJERIA;INSTALACIÓN;MOVISTAR;2;;;;;2025-09-04 14:42:02;SERVICIO DE PRUEBA;0
95;CERRADO;119;RAMON JOHNS ;RAMON JOHNS ;KEVINRIOS;2025-07-04 13:05:09;En cobertura;EMERGENCIA;CONCLUIDA;SERVICIOS DE GESTON ARTISOFT;REFERENCIA - REFERENCIA Y CORDINANCIÓN TELEFÓNICA;ARTISOFT;ARTISOFT;10;;;;2025-07-04 13:05:57;;;0
44;CERRADO;67;deenys acosta cordero;deenys acosta cordero;BMENESES;2024-11-12 09:49:33;En cobertura;EMERGENCIA;CANCELADA;SERVICIO DE ELECTRICIDAD;HOGAR - ELECTRICIDAD;RV HOGAR;RV INMOBILIARIA;2;;;;;2024-12-03 10:38:18;CLIENTE INACTIVO;3
46;ABIERTO;69;PRUEBA USUARIO ;PRUEBA USUARIO ;NATALYC;2024-11-18 11:32:57;En cobertura;EMERGENCIA;CANCELADA;plan servicio pruebas ikatech;Servicios ikatech;PLAN PRUEBA COL;QAPRUEBA;2;;;;;2024-11-18 19:08:33;SERVICIO DE PRUEBA;2
52;CERRADO;75;sergio andres hernandes gomez;sergio andres hernandes gomez;BMENESES;2024-11-27 09:55:16;En cobertura;PROGRAMADA;CANCELADA;SERVICIO DE ELECTRICIDAD;HOGAR - ELECTRICIDAD;RV HOGAR;RV INMOBILIARIA;2;;;;;2024-12-03 10:40:49;CLIENTE INACTIVO;0
50;CERRADO;73;PRUEBA USUARIO ;PRUEBA USUARIO ;NATALYC;2024-11-20 16:59:35;En cobertura;EMERGENCIA;CANCELADA;plan servicio pruebas ikatech;Servicios ikatech;PLAN PRUEBA COL;QAPRUEBA;2;;;;;2024-11-20 17:07:29;ERROR DE DIGITACIÓN;1
48;CERRADO;71;PRUEBA USUARIO ;PRUEBA USUARIO ;NATALYC;2024-11-19 11:58:13;En cobertura;EMERGENCIA;CANCELADA;plan servicio pruebas ikatech;Servicios ikatech;PLAN PRUEBA COL;QAPRUEBA;2;;;;;2024-11-20 17:07:58;SERVICIO DE PRUEBA;3
73;CERRADO;98;ALEXA THOMPSON ;ALEXA THOMPSON ;JMALDANA;2025-06-15 18:45:35;En cobertura;EMERGENCIA;CONCLUIDA;SERVICIOS DE GESTON ARTISOFT;REFERENCIA - REFERENCIA Y CORDINANCIÓN TELEFÓNICA;ARTISOFT;ARTISOFT;10;;;;2025-06-15 18:46:29;;;0
46;ABIERTO;87;PRUEBA USUARIO ;PRUEBA USUARIO ;PRUEBASIKA1;2025-02-19 18:16:11;En cobertura;EMERGENCIA;CONCLUIDA;plan servicio pruebas ikatech;Servicios ikatech;PLAN PRUEBA COL;QAPRUEBA;10;PRUEBASIKA1;MANUAL;2025-02-19 18:20:54;2025-02-19 18:21:25;;;2
58;CERRADO;79;PRUEBA USUARIO ;PRUEBA USUARIO ;NATALYC;2025-01-15 10:33:18;En cobertura;EMERGENCIA;CANCELADA;plan servicio pruebas ikatech;Servicios ikatech;PLAN PRUEBA COL;QAPRUEBA;2;;;;;2025-01-15 11:34:35;SERVICIO DE PRUEBA;1
56;CERRADO;77;PRUEBA USUARIO ;PRUEBA USUARIO ;NATALYC;2025-01-14 12:29:32;En cobertura;EMERGENCIA;CANCELADA;plan servicio pruebas ikatech;Servicios ikatech;PLAN PRUEBA COL;QAPRUEBA;2;;;;;2025-01-15 11:35:08;SERVICIO DE PRUEBA;1
64;CERRADO;89;DIEGO POSSO Posso;DIEGO POSSO Posso;DPOSSO;2025-03-06 09:11:47;En cobertura;PROGRAMADA;CANCELADA;MEDICO AL DOMICILIO;MEDICA - PRESTACIÓN MÉDICA DOMICILIAR;VIP;ADDIUVA COLOMBIA;3;DPOSSO;MANUAL;;;2025-03-06 09:17:44;SERVICIO DE PRUEBA;0
77;CERRADO;101;MASOL THOMPSON ;MASOL THOMPSON ;JMALDANA;2025-06-17 15:24:13;En cobertura;EMERGENCIA;CONCLUIDA;SERVICIOS DE GESTON ARTISOFT;REFERENCIA - REFERENCIA Y CORDINANCIÓN TELEFÓNICA;ARTISOFT;ARTISOFT;10;;;;2025-06-17 15:25:19;;;0
82;CERRADO;106;CHRISTIAN BEAN ;CHRISTIAN BEAN ;DLOPEZ;2025-06-22 20:30:14;En cobertura;EMERGENCIA;CONCLUIDA;SERVICIOS DE GESTON ARTISOFT;REFERENCIA - REFERENCIA Y CORDINANCIÓN TELEFÓNICA;ARTISOFT;ARTISOFT;10;;;;2025-06-22 20:31:30;;;0
84;CERRADO;108;PAMELA GIBSON ;PAMELA GIBSON ;MMORESAN;2025-06-25 08:15:24;En cobertura;EMERGENCIA;CONCLUIDA;SERVICIOS DE GESTON ARTISOFT;REFERENCIA - REFERENCIA Y CORDINANCIÓN TELEFÓNICA;ARTISOFT;ARTISOFT;10;;;;2025-06-25 08:15:57;;;0
86;CERRADO;110;FILIS THOMPSON ;FILIS THOMPSON ;DLOPEZ;2025-06-25 17:35:41;En cobertura;EMERGENCIA;CONCLUIDA;SERVICIOS DE GESTON ARTISOFT;REFERENCIA - REFERENCIA Y CORDINANCIÓN TELEFÓNICA;ARTISOFT;ARTISOFT;10;;;;2025-06-25 17:36:36;;;0
89;CERRADO;113;ALDURAN RAIMIN ;ALDURAN RAIMIN ;JMALDANA;2025-06-27 17:51:37;En cobertura;EMERGENCIA;CONCLUIDA;SERVICIOS DE GESTON ARTISOFT;REFERENCIA - REFERENCIA Y CORDINANCIÓN TELEFÓNICA;ARTISOFT;ARTISOFT;10;;;;2025-06-27 17:54:30;;;0
90;CERRADO;114;ARIETTA BROWN ;ARIETTA BROWN ;MMORESAN;2025-06-28 15:33:58;En cobertura;EMERGENCIA;CONCLUIDA;SERVICIOS DE GESTON ARTISOFT;REFERENCIA - REFERENCIA Y CORDINANCIÓN TELEFÓNICA;ARTISOFT;ARTISOFT;10;;;;2025-06-28 15:34:25;;;0
91;CERRADO;115;MICHELL TONCE ;MICHELL TONCE ;MMORESAN;2025-06-28 19:34:44;En cobertura;EMERGENCIA;CONCLUIDA;SERVICIOS DE GESTON ARTISOFT;REFERENCIA - REFERENCIA Y CORDINANCIÓN TELEFÓNICA;ARTISOFT;ARTISOFT;10;;;;2025-06-28 19:35:19;;;0
134;CERRADO;158;MANICK POLECK ;MANICK POLECK ;JMALDANA;2025-07-25 17:39:10;En cobertura;EMERGENCIA;CONCLUIDA;SERVICIOS DE GESTON ARTISOFT;REFERENCIA - REFERENCIA Y CORDINANCIÓN TELEFÓNICA;ARTISOFT;ARTISOFT;10;;;;2025-07-25 17:50:42;;;0
105;CERRADO;129;HAKIM NOTES ;HAKIM NOTES ;KEVINRIOS;2025-07-09 19:17:57;En cobertura;EMERGENCIA;CONCLUIDA;SERVICIOS DE GESTON ARTISOFT;REFERENCIA - REFERENCIA Y CORDINANCIÓN TELEFÓNICA;ARTISOFT;ARTISOFT;10;;;;2025-07-09 19:19:36;;;0
103;CERRADO;127;RENECIEA BAPTISTE ;RENECIEA BAPTISTE ;BRAMIREZ;2025-07-09 10:38:26;En cobertura;EMERGENCIA;CONCLUIDA;SERVICIOS DE GESTON ARTISOFT;REFERENCIA - REFERENCIA Y CORDINANCIÓN TELEFÓNICA;ARTISOFT;ARTISOFT;10;;;;2025-07-09 10:41:53;;;0
107;CERRADO;131;MONET ARLI ;MONET ARLI ;MMORESAN;2025-07-10 06:49:34;En cobertura;EMERGENCIA;CONCLUIDA;SERVICIOS DE GESTON ARTISOFT;REFERENCIA - REFERENCIA Y CORDINANCIÓN TELEFÓNICA;ARTISOFT;ARTISOFT;10;;;;2025-07-10 06:52:06;;;0
109;CERRADO;133;NACOYA HALL ;NACOYA HALL ;JMALDANA;2025-07-10 17:46:28;En cobertura;EMERGENCIA;CONCLUIDA;SERVICIOS DE GESTON ARTISOFT;REFERENCIA - REFERENCIA Y CORDINANCIÓN TELEFÓNICA;ARTISOFT;ARTISOFT;10;;;;2025-07-10 17:46:53;;;0
96;CERRADO;120;PALM LUCCETSON ;PALM LUCCETSON ;JMALDANA;2025-07-04 18:00:35;En cobertura;EMERGENCIA;CONCLUIDA;SERVICIOS DE GESTON ARTISOFT;REFERENCIA - REFERENCIA Y CORDINANCIÓN TELEFÓNICA;ARTISOFT;ARTISOFT;10;;;;2025-07-04 18:00:56;;;0
88;CERRADO;112;ROBERT MICHISTS ;ROBERT MICHISTS ;SRAMIREZP;2025-06-27 14:57:52;En cobertura;EMERGENCIA;CONCLUIDA;SERVICIOS DE GESTON ARTISOFT;REFERENCIA - REFERENCIA Y CORDINANCIÓN TELEFÓNICA;ARTISOFT;ARTISOFT;10;;;;2025-07-11 13:31:57;;;0
111;CERRADO;135;EASTERN SOLIDER ;EASTERN SOLIDER ;SRAMIREZP;2025-07-11 14:09:20;En cobertura;EMERGENCIA;CONCLUIDA;SERVICIOS DE GESTON ARTISOFT;REFERENCIA - REFERENCIA Y CORDINANCIÓN TELEFÓNICA;ARTISOFT;ARTISOFT;10;;;;2025-07-11 14:10:03;;;0
98;CERRADO;122;PALM LUCCETSON ;PALM LUCCETSON ;JMALDANA;2025-07-04 19:48:18;En cobertura;EMERGENCIA;CONCLUIDA;SERVICIOS DE GESTON ARTISOFT;REFERENCIA - REFERENCIA Y CORDINANCIÓN TELEFÓNICA;ARTISOFT;ARTISOFT;10;;;;2025-07-04 19:49:34;;;0
80;CERRADO;104;PHYLLIS THOMPASS ;PHYLLIS THOMPASS ;SRAMIREZP;2025-06-19 14:19:55;En cobertura;EMERGENCIA;CONCLUIDA;SERVICIOS DE GESTON ARTISOFT;REFERENCIA - REFERENCIA Y CORDINANCIÓN TELEFÓNICA;ARTISOFT;ARTISOFT;10;;;;2025-07-05 06:14:17;;;0
92;CERRADO;116;CRISTIAN DEAN ;CRISTIAN DEAN ;MMORESAN;2025-06-29 14:22:08;En cobertura;EMERGENCIA;CONCLUIDA;SERVICIOS DE GESTON ARTISOFT;REFERENCIA - REFERENCIA Y CORDINANCIÓN TELEFÓNICA;ARTISOFT;ARTISOFT;10;;;;2025-07-05 22:48:40;;;0
113;CERRADO;137;PAMELA GIBSON ;PAMELA GIBSON ;SRAMIREZP;2025-07-11 14:39:09;En cobertura;EMERGENCIA;CONCLUIDA;SERVICIOS DE GESTON ARTISOFT;REFERENCIA - REFERENCIA Y CORDINANCIÓN TELEFÓNICA;ARTISOFT;ARTISOFT;10;;;;2025-07-11 14:41:21;;;0
115;CERRADO;139;CANCIA ROMLE ;CANCIA ROMLE ;BRAMIREZ;2025-07-12 09:41:19;En cobertura;EMERGENCIA;CONCLUIDA;SERVICIOS DE GESTON ARTISOFT;REFERENCIA - REFERENCIA Y CORDINANCIÓN TELEFÓNICA;ARTISOFT;ARTISOFT;10;;;;2025-07-12 09:44:13;;;0
101;CERRADO;125;RENEICEAL BAPTISTE ;RENEICEAL BAPTISTE ;BRAMIREZ;2025-07-09 08:44:35;En cobertura;EMERGENCIA;CONCLUIDA;SERVICIOS DE GESTON ARTISOFT;REFERENCIA - REFERENCIA Y CORDINANCIÓN TELEFÓNICA;ARTISOFT;ARTISOFT;10;;;;2025-07-09 08:47:51;;;0
117;CERRADO;141;MANIQUE MANIQUE ;MANIQUE MANIQUE ;KEVINRIOS;2025-07-13 11:29:49;En cobertura;EMERGENCIA;CONCLUIDA;SERVICIOS DE GESTON ARTISOFT;REFERENCIA - REFERENCIA Y CORDINANCIÓN TELEFÓNICA;ARTISOFT;ARTISOFT;10;;;;2025-07-13 11:30:20;;;0
119;CERRADO;143;ANISH ANISH ;ANISH ANISH ;KEVINRIOS;2025-07-13 14:32:39;En cobertura;EMERGENCIA;CONCLUIDA;SERVICIOS DE GESTON ARTISOFT;REFERENCIA - REFERENCIA Y CORDINANCIÓN TELEFÓNICA;ARTISOFT;ARTISOFT;10;;;;2025-07-13 14:33:28;;;0
136;CERRADO;160;ALFREDO OLLE ;ALFREDO OLLE ;MMORESAN;2025-07-27 10:19:47;En cobertura;EMERGENCIA;CONCLUIDA;SERVICIOS DE GESTON ARTISOFT;REFERENCIA - REFERENCIA Y CORDINANCIÓN TELEFÓNICA;ARTISOFT;ARTISOFT;10;;;;2025-07-27 10:20:09;;;0
121;CERRADO;145;SHAROLL CHARLES ;SHAROLL CHARLES ;BRAMIREZ;2025-07-15 14:13:15;En cobertura;EMERGENCIA;CONCLUIDA;SERVICIOS DE GESTON ARTISOFT;REFERENCIA - REFERENCIA Y CORDINANCIÓN TELEFÓNICA;ARTISOFT;ARTISOFT;10;;;;2025-07-15 14:14:25;;;0
124;CERRADO;148;SHAWNTY CLOK ;SHAWNTY CLOK ;JMALDANA;2025-07-20 16:15:57;En cobertura;EMERGENCIA;CONCLUIDA;SERVICIOS DE GESTON ARTISOFT;REFERENCIA - REFERENCIA Y CORDINANCIÓN TELEFÓNICA;ARTISOFT;ARTISOFT;10;;;;2025-07-20 16:18:51;;;0
126;CERRADO;150;DEMETRIUS BARR ;DEMETRIUS BARR ;KEVINRIOS;2025-07-21 00:41:55;En cobertura;EMERGENCIA;CONCLUIDA;SERVICIOS DE GESTON ARTISOFT;REFERENCIA - REFERENCIA Y CORDINANCIÓN TELEFÓNICA;ARTISOFT;ARTISOFT;10;;;;2025-07-21 00:44:53;;;0
128;CERRADO;152;ANNA ANDREWS ;ANNA ANDREWS ;SRAMIREZP;2025-07-22 07:58:43;En cobertura;EMERGENCIA;CONCLUIDA;SERVICIOS DE GESTON ARTISOFT;REFERENCIA - REFERENCIA Y CORDINANCIÓN TELEFÓNICA;ARTISOFT;ARTISOFT;10;;;;2025-07-22 07:59:24;;;0
132;CERRADO;156;JOEY SANDERS ;JOEY SANDERS ;MMORESAN;2025-07-24 13:47:12;En cobertura;EMERGENCIA;CONCLUIDA;SERVICIOS DE GESTON ARTISOFT;REFERENCIA - REFERENCIA Y CORDINANCIÓN TELEFÓNICA;ARTISOFT;ARTISOFT;10;;;;2025-07-24 13:47:59;;;0
138;ABIERTO;162;AKIRA MOLLY ;AKIRA MOLLY ;SRAMIREZP;2025-07-28 09:38:33;En cobertura;EMERGENCIA;CONCLUIDA;SERVICIOS DE GESTON ARTISOFT;REFERENCIA - REFERENCIA Y CORDINANCIÓN TELEFÓNICA;ARTISOFT;ARTISOFT;10;;;;2025-07-28 09:42:21;;;0
140;CERRADO;164;DAINAH WILIMS ;DAINAH WILIMS ;SRAMIREZP;2025-07-29 10:54:52;En cobertura;EMERGENCIA;CONCLUIDA;SERVICIOS DE GESTON ARTISOFT;REFERENCIA - REFERENCIA Y CORDINANCIÓN TELEFÓNICA;ARTISOFT;ARTISOFT;10;;;;2025-07-29 10:56:03;;;0
142;CERRADO;166;AKIRA MOLLY ;AKIRA MOLLY ;SRAMIREZP;2025-07-29 16:58:16;En cobertura;EMERGENCIA;CONCLUIDA;SERVICIOS DE GESTON ARTISOFT;REFERENCIA - REFERENCIA Y CORDINANCIÓN TELEFÓNICA;ARTISOFT;ARTISOFT;10;;;;2025-07-29 16:58:57;;;0
144;CERRADO;168;PAMELA GIBSON ;PAMELA GIBSON ;KEVINRIOS;2025-07-31 08:28:20;En cobertura;EMERGENCIA;CONCLUIDA;SERVICIOS DE GESTON ARTISOFT;REFERENCIA - REFERENCIA Y CORDINANCIÓN TELEFÓNICA;ARTISOFT;ARTISOFT;10;;;;2025-07-31 08:29:16;;;0
146;CERRADO;170;MARIA LAST ;MARIA LAST ;SRAMIREZP;2025-08-01 07:59:34;En cobertura;EMERGENCIA;CONCLUIDA;SERVICIOS DE GESTON ARTISOFT;REFERENCIA - REFERENCIA Y CORDINANCIÓN TELEFÓNICA;ARTISOFT;ARTISOFT;10;;;;2025-08-01 08:00:30;;;0
148;CERRADO;172;DENNIS CARTWRIGHT ;DENNIS CARTWRIGHT ;KEVINRIOS;2025-08-01 11:45:58;En cobertura;EMERGENCIA;CONCLUIDA;SERVICIOS DE GESTON ARTISOFT;REFERENCIA - REFERENCIA Y CORDINANCIÓN TELEFÓNICA;ARTISOFT;ARTISOFT;10;;;;2025-08-01 11:46:31;;;0
156;CERRADO;180;TIFANAY RUSELL ;TIFANAY RUSELL ;SRAMIREZP;2025-08-07 07:22:03;En cobertura;EMERGENCIA;CONCLUIDA;SERVICIOS DE GESTON ARTISOFT;REFERENCIA - REFERENCIA Y CORDINANCIÓN TELEFÓNICA;ARTISOFT;ARTISOFT;10;;;;2025-08-07 07:22:54;;;0
150;CERRADO;174;PAUL HANNA ;PAUL HANNA ;BRAMIREZ;2025-08-02 04:47:22;En cobertura;EMERGENCIA;CONCLUIDA;SERVICIOS DE GESTON ARTISOFT;REFERENCIA - REFERENCIA Y CORDINANCIÓN TELEFÓNICA;ARTISOFT;ARTISOFT;10;;;;2025-08-02 04:55:07;;;0
151;CERRADO;175;PAUL HANNA ;PAUL HANNA ;BRAMIREZ;2025-08-02 06:13:51;En cobertura;EMERGENCIA;CONCLUIDA;SERVICIOS DE GESTON ARTISOFT;REFERENCIA - REFERENCIA Y CORDINANCIÓN TELEFÓNICA;ARTISOFT;ARTISOFT;10;;;;2025-08-02 06:30:30;;;0
152;ABIERTO;176;PAUL HANNA ;PAUL HANNA ;BRAMIREZ;2025-08-02 06:45:23;En cobertura;EMERGENCIA;CONCLUIDA;SERVICIOS DE GESTON ARTISOFT;REFERENCIA - REFERENCIA Y CORDINANCIÓN TELEFÓNICA;ARTISOFT;ARTISOFT;10;;;;2025-08-02 06:46:12;;;0
112;CERRADO;136;PRESCOLA ROLL ROLL;PRESCOLA ROLL ROLL;SRAMIREZP;2025-07-11 14:27:32;En cobertura;EMERGENCIA;CONCLUIDA;SERVICIOS DE GESTON ARTISOFT;REFERENCIA - REFERENCIA Y CORDINANCIÓN TELEFÓNICA;ARTISOFT;ARTISOFT;10;;;;2025-07-11 14:41:47;;;0
133;CERRADO;157;NANCY WOLF WOLF;NANCY WOLF WOLF;MMORESAN;2025-07-24 16:24:09;En cobertura;EMERGENCIA;CONCLUIDA;SERVICIOS DE GESTON ARTISOFT;REFERENCIA - REFERENCIA Y CORDINANCIÓN TELEFÓNICA;ARTISOFT;ARTISOFT;10;;;;2025-07-24 16:24:35;;;0
93;CERRADO;117;PRISCILLA ROLL ;PRISCILLA ROLL ;CGALVIS;2025-07-01 20:55:17;En cobertura;EMERGENCIA;CONCLUIDA;SERVICIOS DE GESTON ARTISOFT;REFERENCIA - REFERENCIA Y CORDINANCIÓN TELEFÓNICA;ARTISOFT;ARTISOFT;10;;;;2025-07-01 20:55:58;;;0
97;CERRADO;121;PALM LUCCETSON ;PALM LUCCETSON ;BRAMIREZ;2025-07-04 19:13:33;En cobertura;EMERGENCIA;CONCLUIDA;SERVICIOS DE GESTON ARTISOFT;REFERENCIA - REFERENCIA Y CORDINANCIÓN TELEFÓNICA;ARTISOFT;ARTISOFT;10;;;;2025-07-04 19:15:01;;;0
94;CERRADO;118;ROBERT MARKADOSH ;ROBERT MARKADOSH ;SRAMIREZP;2025-07-03 09:24:01;En cobertura;EMERGENCIA;CONCLUIDA;SERVICIOS DE GESTON ARTISOFT;REFERENCIA - REFERENCIA Y CORDINANCIÓN TELEFÓNICA;ARTISOFT;ARTISOFT;10;;;;2025-07-05 06:13:19;;;0
106;CERRADO;130;HAKIM NOTES ;HAKIM NOTES ;KEVINRIOS;2025-07-09 20:20:21;En cobertura;EMERGENCIA;CONCLUIDA;SERVICIOS DE GESTON ARTISOFT;REFERENCIA - REFERENCIA Y CORDINANCIÓN TELEFÓNICA;ARTISOFT;ARTISOFT;10;;;;2025-07-09 20:39:01;;;0
135;CERRADO;159;PRESCOLA ROLLE ;PRESCOLA ROLLE ;SRAMIREZP;2025-07-25 19:24:49;En cobertura;EMERGENCIA;CONCLUIDA;SERVICIOS DE GESTON ARTISOFT;REFERENCIA - REFERENCIA Y CORDINANCIÓN TELEFÓNICA;ARTISOFT;ARTISOFT;10;;;;2025-07-25 19:25:39;;;0
158;CERRADO;182;HADASSH NOEL ;HADASSH NOEL ;SRAMIREZP;2025-08-07 10:30:08;En cobertura;EMERGENCIA;CONCLUIDA;SERVICIOS DE GESTON ARTISOFT;REFERENCIA - REFERENCIA Y CORDINANCIÓN TELEFÓNICA;ARTISOFT;ARTISOFT;10;;;;2025-08-07 10:31:18;;;0
99;CERRADO;123;SIMONE ARLI ;SIMONE ARLI ;MMORESAN;2025-07-08 05:03:51;En cobertura;EMERGENCIA;CONCLUIDA;SERVICIOS DE GESTON ARTISOFT;REFERENCIA - REFERENCIA Y CORDINANCIÓN TELEFÓNICA;ARTISOFT;ARTISOFT;10;;;;2025-07-08 05:05:26;;;0
108;CERRADO;132;NACOYA HALL ;NACOYA HALL ;JMALDANA;2025-07-10 15:46:39;En cobertura;EMERGENCIA;CONCLUIDA;SERVICIOS DE GESTON ARTISOFT;REFERENCIA - REFERENCIA Y CORDINANCIÓN TELEFÓNICA;ARTISOFT;ARTISOFT;10;;;;2025-07-10 15:47:32;;;0
100;CERRADO;124;FENICIA DATITE ;FENICIA DATITE ;MMORESAN;2025-07-09 05:59:54;En cobertura;EMERGENCIA;CONCLUIDA;SERVICIOS DE GESTON ARTISOFT;REFERENCIA - REFERENCIA Y CORDINANCIÓN TELEFÓNICA;ARTISOFT;ARTISOFT;10;;;;2025-07-09 06:00:28;;;0
114;ABIERTO;138;ROBERT MACINDOSH ;ROBERT MACINDOSH ;JMALDANA;2025-07-11 18:33:50;En cobertura;EMERGENCIA;CONCLUIDA;SERVICIOS DE GESTON ARTISOFT;REFERENCIA - REFERENCIA Y CORDINANCIÓN TELEFÓNICA;ARTISOFT;ARTISOFT;10;;;;2025-07-11 18:34:12;;;0
137;CERRADO;161;AKIRA MOLLY ;AKIRA MOLLY ;KEVINRIOS;2025-07-28 08:31:47;En cobertura;EMERGENCIA;CONCLUIDA;SERVICIOS DE GESTON ARTISOFT;REFERENCIA - REFERENCIA Y CORDINANCIÓN TELEFÓNICA;ARTISOFT;ARTISOFT;10;;;;2025-07-28 08:33:27;;;0
110;CERRADO;134;HAKIM KWNOLES ;HAKIM KWNOLES ;SRAMIREZP;2025-07-11 13:33:34;En cobertura;EMERGENCIA;CONCLUIDA;SERVICIOS DE GESTON ARTISOFT;REFERENCIA - REFERENCIA Y CORDINANCIÓN TELEFÓNICA;ARTISOFT;ARTISOFT;10;;;;2025-07-11 13:35:20;;;0
104;CERRADO;128;ESTHER WINTEN ;ESTHER WINTEN ;SRAMIREZP;2025-07-09 13:18:56;En cobertura;EMERGENCIA;CONCLUIDA;SERVICIOS DE GESTON ARTISOFT;REFERENCIA - REFERENCIA Y CORDINANCIÓN TELEFÓNICA;ARTISOFT;ARTISOFT;10;;;;2025-07-09 13:19:50;;;0
123;CERRADO;147;NICOLE HALL ;NICOLE HALL ;MMORESAN;2025-07-19 08:33:36;En cobertura;EMERGENCIA;CONCLUIDA;SERVICIOS DE GESTON ARTISOFT;REFERENCIA - REFERENCIA Y CORDINANCIÓN TELEFÓNICA;ARTISOFT;ARTISOFT;10;;;;2025-07-19 08:34:20;;;0
141;CERRADO;165;REN EICEA ;REN EICEA ;SRAMIREZP;2025-07-29 12:06:38;En cobertura;EMERGENCIA;CONCLUIDA;SERVICIOS DE GESTON ARTISOFT;REFERENCIA - REFERENCIA Y CORDINANCIÓN TELEFÓNICA;ARTISOFT;ARTISOFT;10;;;;2025-07-29 12:07:23;;;0
102;CERRADO;126;PHYLIIS THOMPSON ;PHYLIIS THOMPSON ;SRAMIREZP;2025-07-09 09:25:31;En cobertura;EMERGENCIA;CONCLUIDA;SERVICIOS DE GESTON ARTISOFT;REFERENCIA - REFERENCIA Y CORDINANCIÓN TELEFÓNICA;ARTISOFT;ARTISOFT;10;;;;2025-07-29 17:00:13;;;1
116;CERRADO;140;REN EICEA TISTE;REN EICEA TISTE;KEVINRIOS;2025-07-13 09:56:58;En cobertura;EMERGENCIA;CONCLUIDA;SERVICIOS DE GESTON ARTISOFT;REFERENCIA - REFERENCIA Y CORDINANCIÓN TELEFÓNICA;ARTISOFT;ARTISOFT;10;;;;2025-07-13 09:58:20;;;0
139;CERRADO;163;DEANDRA GIBSON ;DEANDRA GIBSON ;SRAMIREZP;2025-07-29 10:51:39;En cobertura;EMERGENCIA;CONCLUIDA;SERVICIOS DE GESTON ARTISOFT;REFERENCIA - REFERENCIA Y CORDINANCIÓN TELEFÓNICA;ARTISOFT;ARTISOFT;10;;;;2025-07-29 10:52:37;;;0
120;CERRADO;144;SILLYS THOMPSON ;SILLYS THOMPSON ;JMALDANA;2025-07-13 17:59:52;En cobertura;EMERGENCIA;CONCLUIDA;SERVICIOS DE GESTON ARTISOFT;REFERENCIA - REFERENCIA Y CORDINANCIÓN TELEFÓNICA;ARTISOFT;ARTISOFT;10;;;;2025-07-13 18:00:58;;;0
118;CERRADO;142;HOCKINGHAM NOULES ;HOCKINGHAM NOULES ;BRAMIREZ;2025-07-13 13:31:11;En cobertura;EMERGENCIA;CONCLUIDA;SERVICIOS DE GESTON ARTISOFT;REFERENCIA - REFERENCIA Y CORDINANCIÓN TELEFÓNICA;ARTISOFT;ARTISOFT;10;;;;2025-07-13 13:32:03;;;0
127;CERRADO;151;DEMETRIUS BARR ;DEMETRIUS BARR ;KEVINRIOS;2025-07-21 05:16:07;En cobertura;EMERGENCIA;CONCLUIDA;SERVICIOS DE GESTON ARTISOFT;REFERENCIA - REFERENCIA Y CORDINANCIÓN TELEFÓNICA;ARTISOFT;ARTISOFT;10;;;;2025-07-21 05:16:28;;;0
122;CERRADO;146;HIGGS HIGGS ;HIGGS HIGGS ;KEVINRIOS;2025-07-17 09:57:00;En cobertura;EMERGENCIA;CONCLUIDA;SERVICIOS DE GESTON ARTISOFT;REFERENCIA - REFERENCIA Y CORDINANCIÓN TELEFÓNICA;ARTISOFT;ARTISOFT;10;;;;2025-07-17 09:59:07;;;0
143;CERRADO;167;PAMELA GIBSOM ;PAMELA GIBSOM ;KEVINRIOS;2025-07-30 13:23:33;En cobertura;PROGRAMADA;CONCLUIDA;SERVICIOS DE GESTON ARTISOFT;REFERENCIA - REFERENCIA Y CORDINANCIÓN TELEFÓNICA;ARTISOFT;ARTISOFT;10;;;;2025-07-30 13:24:20;;;0
145;CERRADO;169;RAMON JONES ;RAMON JONES ;MMORESAN;2025-07-31 20:12:07;En cobertura;EMERGENCIA;CONCLUIDA;SERVICIOS DE GESTON ARTISOFT;REFERENCIA - REFERENCIA Y CORDINANCIÓN TELEFÓNICA;ARTISOFT;ARTISOFT;10;;;;2025-07-31 20:13:40;;;0
125;CERRADO;149;DEMETRIUS BARR ;DEMETRIUS BARR ;KEVINRIOS;2025-07-20 23:57:36;En cobertura;EMERGENCIA;CONCLUIDA;SERVICIOS DE GESTON ARTISOFT;REFERENCIA - REFERENCIA Y CORDINANCIÓN TELEFÓNICA;ARTISOFT;ARTISOFT;10;;;;2025-07-20 23:58:03;;;0
147;CERRADO;171;DENNIS CARTWRIGHT ;DENNIS CARTWRIGHT ;KEVINRIOS;2025-08-01 10:46:16;En cobertura;EMERGENCIA;CONCLUIDA;SERVICIOS DE GESTON ARTISOFT;REFERENCIA - REFERENCIA Y CORDINANCIÓN TELEFÓNICA;ARTISOFT;ARTISOFT;10;;;;2025-08-01 10:46:37;;;0
131;CERRADO;155;DENNISE CARTWRIGHT ;DENNISE CARTWRIGHT ;BRAMIREZ;2025-07-24 08:56:59;En cobertura;EMERGENCIA;CONCLUIDA;SERVICIOS DE GESTON ARTISOFT;REFERENCIA - REFERENCIA Y CORDINANCIÓN TELEFÓNICA;ARTISOFT;ARTISOFT;10;;;;2025-07-24 08:58:05;;;0
129;CERRADO;153;Mitchell Thompson ;Mitchell Thompson ;BRAMIREZ;2025-07-22 09:05:42;En cobertura;EMERGENCIA;CONCLUIDA;SERVICIOS DE GESTON ARTISOFT;REFERENCIA - REFERENCIA Y CORDINANCIÓN TELEFÓNICA;ARTISOFT;ARTISOFT;10;;;;2025-07-22 09:06:36;;;0
130;CERRADO;154;PERRY CHARLSON ;PERRY CHARLSON ;DLOPEZ;2025-07-23 22:53:21;En cobertura;EMERGENCIA;CONCLUIDA;SERVICIOS DE GESTON ARTISOFT;REFERENCIA - REFERENCIA Y CORDINANCIÓN TELEFÓNICA;ARTISOFT;ARTISOFT;10;;;;2025-07-23 22:55:38;;;0
149;CERRADO;173;PAUL HANNA ;PAUL HANNA ;BRAMIREZ;2025-08-02 02:09:10;En cobertura;EMERGENCIA;CONCLUIDA;SERVICIOS DE GESTON ARTISOFT;REFERENCIA - REFERENCIA Y CORDINANCIÓN TELEFÓNICA;ARTISOFT;ARTISOFT;10;;;;2025-08-02 02:14:46;;;0
154;CERRADO;178;SHANA SYLBCRE ;SHANA SYLBCRE ;SRAMIREZP;2025-08-03 22:48:49;En cobertura;EMERGENCIA;CONCLUIDA;SERVICIOS DE GESTON ARTISOFT;REFERENCIA - REFERENCIA Y CORDINANCIÓN TELEFÓNICA;ARTISOFT;ARTISOFT;10;;;;2025-08-03 22:54:01;;;0
155;CERRADO;179;TIFANNY RUSSEL ;TIFANNY RUSSEL ;BRAMIREZ;2025-08-05 08:01:28;En cobertura;EMERGENCIA;CONCLUIDA;SERVICIOS DE GESTON ARTISOFT;REFERENCIA - REFERENCIA Y CORDINANCIÓN TELEFÓNICA;ARTISOFT;ARTISOFT;10;;;;2025-08-05 08:03:00;;;0
181;CERRADO;205;JOYCE SAUNDERS ;JOYCE SAUNDERS ;KEVINRIOS;2025-08-29 08:07:53;En cobertura;PROGRAMADA;CONCLUIDA;SERVICIOS DE GESTON ARTISOFT;REFERENCIA - REFERENCIA Y CORDINANCIÓN TELEFÓNICA;ARTISOFT;ARTISOFT;10;;;;2025-08-29 08:08:14;;;0
182;CERRADO;206;AKIRA MORLY ;AKIRA MORLY ;MMORESAN;2025-08-29 10:32:15;En cobertura;EMERGENCIA;CONCLUIDA;SERVICIOS DE GESTON ARTISOFT;REFERENCIA - REFERENCIA Y CORDINANCIÓN TELEFÓNICA;ARTISOFT;ARTISOFT;10;;;;2025-08-29 10:41:13;;;0
173;CERRADO;197;KAMALA GIBSON ;KAMALA GIBSON ;JMALDANA;2025-08-19 19:53:40;En cobertura;EMERGENCIA;CONCLUIDA;SERVICIOS DE GESTON ARTISOFT;REFERENCIA - REFERENCIA Y CORDINANCIÓN TELEFÓNICA;ARTISOFT;ARTISOFT;10;;;;2025-08-19 19:55:07;;;0
157;CERRADO;181;HADASSAH NOEL ;HADASSAH NOEL ;KEVINRIOS;2025-08-07 09:58:27;En cobertura;EMERGENCIA;CONCLUIDA;SERVICIOS DE GESTON ARTISOFT;REFERENCIA - REFERENCIA Y CORDINANCIÓN TELEFÓNICA;ARTISOFT;ARTISOFT;10;;;;2025-08-07 09:58:51;;;0
183;ABIERTO;207;SANDY PARKER ;SANDY PARKER ;KEVINRIOS;2025-08-29 11:44:22;En cobertura;PROGRAMADA;CONCLUIDA;SERVICIOS DE GESTON ARTISOFT;REFERENCIA - REFERENCIA Y CORDINANCIÓN TELEFÓNICA;ARTISOFT;ARTISOFT;10;;;;2025-08-29 11:46:41;;;0
184;CERRADO;208;PASCUL RHULL ;PASCUL RHULL ;JMALDANA;2025-08-29 19:28:17;En cobertura;EMERGENCIA;CONCLUIDA;SERVICIOS DE GESTON ARTISOFT;REFERENCIA - REFERENCIA Y CORDINANCIÓN TELEFÓNICA;ARTISOFT;ARTISOFT;10;;;;2025-08-29 19:32:18;;;0
159;CERRADO;183;MAXWEL THOMPSOM ;MAXWEL THOMPSOM ;SRAMIREZP;2025-08-07 12:10:07;En cobertura;EMERGENCIA;CONCLUIDA;SERVICIOS DE GESTON ARTISOFT;REFERENCIA - REFERENCIA Y CORDINANCIÓN TELEFÓNICA;ARTISOFT;ARTISOFT;10;;;;2025-08-07 12:10:56;;;0
160;CERRADO;184;APRIL ANDREWS ;APRIL ANDREWS ;BRAMIREZ;2025-08-08 08:07:53;En cobertura;EMERGENCIA;CONCLUIDA;SERVICIOS DE GESTON ARTISOFT;REFERENCIA - REFERENCIA Y CORDINANCIÓN TELEFÓNICA;ARTISOFT;ARTISOFT;10;;;;2025-08-08 08:08:10;;;0
161;CERRADO;185;BRIGET WOODSIDE ;BRIGET WOODSIDE ;KEVINRIOS;2025-08-08 10:28:01;En cobertura;PROGRAMADA;CONCLUIDA;SERVICIOS DE GESTON ARTISOFT;REFERENCIA - REFERENCIA Y CORDINANCIÓN TELEFÓNICA;ARTISOFT;ARTISOFT;10;;;;2025-08-08 10:29:07;;;0
162;CERRADO;186;TIFFANY RUSSEL ;TIFFANY RUSSEL ;BRAMIREZ;2025-08-08 11:01:17;En cobertura;EMERGENCIA;CONCLUIDA;SERVICIOS DE GESTON ARTISOFT;REFERENCIA - REFERENCIA Y CORDINANCIÓN TELEFÓNICA;ARTISOFT;ARTISOFT;10;;;;2025-08-08 11:01:48;;;0
163;CERRADO;187;DAINAH DAINAH ;DAINAH DAINAH ;KEVINRIOS;2025-08-09 12:24:22;En cobertura;EMERGENCIA;CONCLUIDA;SERVICIOS DE GESTON ARTISOFT;REFERENCIA - REFERENCIA Y CORDINANCIÓN TELEFÓNICA;ARTISOFT;ARTISOFT;10;;;;2025-08-09 12:26:55;;;0
164;CERRADO;188;JOAY SANDERS ;JOAY SANDERS ;JMALDANA;2025-08-12 15:24:42;En cobertura;EMERGENCIA;CONCLUIDA;SERVICIOS DE GESTON ARTISOFT;REFERENCIA - REFERENCIA Y CORDINANCIÓN TELEFÓNICA;ARTISOFT;ARTISOFT;10;;;;2025-08-12 15:26:13;;;0
165;CERRADO;189;TONY TAYLER ;TONY TAYLER ;JMALDANA;2025-08-12 17:20:10;En cobertura;EMERGENCIA;CONCLUIDA;SERVICIOS DE GESTON ARTISOFT;REFERENCIA - REFERENCIA Y CORDINANCIÓN TELEFÓNICA;ARTISOFT;ARTISOFT;10;;;;2025-08-12 17:22:37;;;0
166;CERRADO;190;CARMEL PREALER ;CARMEL PREALER ;DLOPEZ;2025-08-13 17:02:26;En cobertura;EMERGENCIA;CONCLUIDA;SERVICIOS DE GESTON ARTISOFT;REFERENCIA - REFERENCIA Y CORDINANCIÓN TELEFÓNICA;ARTISOFT;ARTISOFT;10;;;;2025-08-13 17:07:06;;;0
167;CERRADO;191;MISS SANTIA ;MISS SANTIA ;DLOPEZ;2025-08-14 07:47:37;En cobertura;EMERGENCIA;CONCLUIDA;SERVICIOS DE GESTON ARTISOFT;REFERENCIA - REFERENCIA Y CORDINANCIÓN TELEFÓNICA;ARTISOFT;ARTISOFT;10;;;;2025-08-14 07:56:28;;;0
179;CERRADO;203;mr hannah ;mr hannah ;KEVINRIOS;2025-08-28 07:25:49;En cobertura;PROGRAMADA;CONCLUIDA;SERVICIOS DE GESTON ARTISOFT;REFERENCIA - REFERENCIA Y CORDINANCIÓN TELEFÓNICA;ARTISOFT;ARTISOFT;10;;;;2025-08-29 19:35:16;;;0
169;CERRADO;193;RAMON JONES ;RAMON JONES ;SRAMIREZP;2025-08-14 13:52:52;En cobertura;EMERGENCIA;CONCLUIDA;SERVICIOS DE GESTON ARTISOFT;REFERENCIA - REFERENCIA Y CORDINANCIÓN TELEFÓNICA;ARTISOFT;ARTISOFT;10;;;;2025-08-14 13:53:23;;;0
168;CERRADO;192;Elizabeth burrow ;Elizabeth burrow ;BRAMIREZ;2025-08-14 13:13:03;En cobertura;EMERGENCIA;CONCLUIDA;SERVICIOS DE GESTON ARTISOFT;REFERENCIA - REFERENCIA Y CORDINANCIÓN TELEFÓNICA;ARTISOFT;ARTISOFT;10;;;;2025-08-14 15:37:01;;;0
185;CERRADO;209;APRIL ANDREWS ;APRIL ANDREWS ;SRAMIREZP;2025-08-30 12:04:01;En cobertura;EMERGENCIA;CONCLUIDA;SERVICIOS DE GESTON ARTISOFT;REFERENCIA - REFERENCIA Y CORDINANCIÓN TELEFÓNICA;ARTISOFT;ARTISOFT;10;;;;2025-08-30 12:05:01;;;0
178;CERRADO;202;COURTNEY SOUP ;COURTNEY SOUP ;DLOPEZ;2025-08-26 14:49:42;En cobertura;EMERGENCIA;CONCLUIDA;SERVICIOS DE GESTON ARTISOFT;REFERENCIA - REFERENCIA Y CORDINANCIÓN TELEFÓNICA;ARTISOFT;ARTISOFT;10;;;;2025-08-26 14:50:54;;;0
170;CERRADO;194;JESSICA BALEY ;JESSICA BALEY ;JMALDANA;2025-08-16 18:33:32;En cobertura;EMERGENCIA;CONCLUIDA;SERVICIOS DE GESTON ARTISOFT;REFERENCIA - REFERENCIA Y CORDINANCIÓN TELEFÓNICA;ARTISOFT;ARTISOFT;10;;;;2025-08-16 18:35:55;;;0
186;CERRADO;210;DENNIS SOYES ;DENNIS SOYES ;MMORESAN;2025-08-30 15:00:05;En cobertura;EMERGENCIA;CONCLUIDA;SERVICIOS DE GESTON ARTISOFT;REFERENCIA - REFERENCIA Y CORDINANCIÓN TELEFÓNICA;ARTISOFT;ARTISOFT;10;;;;2025-08-30 15:02:10;;;0
171;CERRADO;195;DEMETRIUS SMITH ;DEMETRIUS SMITH ;SRAMIREZP;2025-08-18 11:58:39;En cobertura;EMERGENCIA;CONCLUIDA;SERVICIOS DE GESTON ARTISOFT;REFERENCIA - REFERENCIA Y CORDINANCIÓN TELEFÓNICA;ARTISOFT;ARTISOFT;10;;;;2025-08-18 11:59:26;;;0
187;CERRADO;211;RASCOLA ROLL ;RASCOLA ROLL ;KEVINRIOS;2025-08-31 07:36:42;En cobertura;EMERGENCIA;CONCLUIDA;SERVICIOS DE GESTON ARTISOFT;REFERENCIA - REFERENCIA Y CORDINANCIÓN TELEFÓNICA;ARTISOFT;ARTISOFT;10;;;;2025-08-31 07:37:16;;;0
176;CERRADO;200;JOYCE SUNDAYCE ;JOYCE SUNDAYCE ;DLOPEZ;2025-08-26 08:54:51;En cobertura;EMERGENCIA;CONCLUIDA;SERVICIOS DE GESTON ARTISOFT;REFERENCIA - REFERENCIA Y CORDINANCIÓN TELEFÓNICA;ARTISOFT;ARTISOFT;10;;;;2025-08-26 08:58:35;;;0
172;CERRADO;196;ROBERT MARGINOFF ;ROBERT MARGINOFF ;JMALDANA;2025-08-19 18:51:00;En cobertura;EMERGENCIA;CONCLUIDA;SERVICIOS DE GESTON ARTISOFT;REFERENCIA - REFERENCIA Y CORDINANCIÓN TELEFÓNICA;ARTISOFT;ARTISOFT;10;;;;2025-08-19 18:55:24;;;0
174;CERRADO;198;GEORGE GODREY ;GEORGE GODREY ;SRAMIREZP;2025-08-20 21:19:17;En cobertura;EMERGENCIA;CONCLUIDA;SERVICIOS DE GESTON ARTISOFT;REFERENCIA - REFERENCIA Y CORDINANCIÓN TELEFÓNICA;ARTISOFT;ARTISOFT;10;;;;2025-08-20 21:20:08;;;0
175;CERRADO;199;MICHEL JHONSON ;MICHEL JHONSON ;DLOPEZ;2025-08-21 00:23:09;En cobertura;PROGRAMADA;CONCLUIDA;SERVICIOS DE GESTON ARTISOFT;REFERENCIA - REFERENCIA Y CORDINANCIÓN TELEFÓNICA;ARTISOFT;ARTISOFT;10;;;;2025-08-21 00:25:41;;;0
177;CERRADO;201;RAMON REMON ;RAMON REMON ;KEVINRIOS;2025-08-26 10:17:33;En cobertura;EMERGENCIA;CONCLUIDA;SERVICIOS DE GESTON ARTISOFT;REFERENCIA - REFERENCIA Y CORDINANCIÓN TELEFÓNICA;ARTISOFT;ARTISOFT;10;;;;2025-08-26 10:17:57;;;0
180;CERRADO;204;MR LAMAN ;MR LAMAN ;DLOPEZ;2025-08-28 08:51:40;En cobertura;EMERGENCIA;CONCLUIDA;SERVICIOS DE GESTON ARTISOFT;REFERENCIA - REFERENCIA Y CORDINANCIÓN TELEFÓNICA;ARTISOFT;ARTISOFT;10;;;;2025-08-28 08:52:04;;;0
188;CERRADO;212;RASCOLA ROLL ;RASCOLA ROLL ;KEVINRIOS;2025-08-31 08:43:48;En cobertura;EMERGENCIA;CONCLUIDA;SERVICIOS DE GESTON ARTISOFT;REFERENCIA - REFERENCIA Y CORDINANCIÓN TELEFÓNICA;ARTISOFT;ARTISOFT;10;;;;2025-08-31 08:46:42;;;0
189;CERRADO;213;RENEICEA BAPTIZE ;RENEICEA BAPTIZE ;SRAMIREZP;2025-08-31 11:18:23;En cobertura;EMERGENCIA;CONCLUIDA;SERVICIOS DE GESTON ARTISOFT;REFERENCIA - REFERENCIA Y CORDINANCIÓN TELEFÓNICA;ARTISOFT;ARTISOFT;10;;;;2025-08-31 11:19:14;;;0
190;CERRADO;214;AKIRA MOLLY ;AKIRA MOLLY ;JMALDANA;2025-09-01 20:23:47;En cobertura;EMERGENCIA;CONCLUIDA;SERVICIOS DE GESTON ARTISOFT;REFERENCIA - REFERENCIA Y CORDINANCIÓN TELEFÓNICA;ARTISOFT;ARTISOFT;10;;;;2025-09-01 20:24:31;;;0
191;CERRADO;215;PETER ROCCO ;PETER ROCCO ;BRAMIREZ;2025-09-02 12:42:29;En cobertura;EMERGENCIA;CONCLUIDA;SERVICIOS DE GESTON ARTISOFT;REFERENCIA - REFERENCIA Y CORDINANCIÓN TELEFÓNICA;ARTISOFT;ARTISOFT;10;;;;2025-09-02 12:46:19;;;0
192;CERRADO;216;DANCY ROUL ;DANCY ROUL ;BRAMIREZ;2025-09-04 10:19:35;En cobertura;EMERGENCIA;CONCLUIDA;SERVICIOS DE GESTON ARTISOFT;REFERENCIA - REFERENCIA Y CORDINANCIÓN TELEFÓNICA;ARTISOFT;ARTISOFT;10;;;;2025-09-04 10:20:40;;;0
194;ABIERTO;237;345435 345354 ;345435 345354 ;IKATECHPRUEBAS;2025-09-05 08:00:00;En cobertura;PROGRAMADA;CANCELADA;INTERNET HOGAR - INSTALACIÓN;HOGAR - CERRAJERIA;INSTALACIÓN;MOVISTAR;2;rutasfase1;APIROUTE1;;;2025-09-05 15:51:06;SERVICIO DE PRUEBA;0
194;ABIERTO;242;345435 345354 ;345435 345354 ;IKATECHPRUEBAS;2025-09-05 11:32:00;En cobertura;PROGRAMADA;CANCELADA;INTERNET HOGAR - INSTALACIÓN;HOGAR - CERRAJERIA;INSTALACIÓN;MOVISTAR;2;rutasfase1;APIROUTE1;;;2025-09-05 15:48:13;SERVICIO DE PRUEBA;0
194;ABIERTO;235;345435 345354 ;345435 345354 ;IKATECHPRUEBAS;2025-09-05 09:18:00;En cobertura;PROGRAMADA;CANCELADA;INTERNET HOGAR - INSTALACIÓN;HOGAR - CERRAJERIA;INSTALACIÓN;MOVISTAR;2;rutasfase1;APIROUTE1;;;2025-09-05 15:50:28;SERVICIO DE PRUEBA;0
193;CERRADO;218;PRUEBA RUTAS ;PRUEBA RUTAS ;IKATECHPRUEBAS;2025-09-04 14:45:22;En cobertura;PROGRAMADA;CANCELADA;INTERNET HOGAR - INSTALACIÓN;HOGAR - CERRAJERIA;INSTALACIÓN;MOVISTAR;2;;;;;2025-09-04 14:48:59;SERVICIO DE PRUEBA;0
194;ABIERTO;234;345435 345354 ;345435 345354 ;IKATECHPRUEBAS;2025-09-05 10:30:00;En cobertura;PROGRAMADA;CANCELADA;INTERNET HOGAR - INSTALACIÓN;HOGAR - CERRAJERIA;INSTALACIÓN;MOVISTAR;2;rutasfase1;APIROUTE1;;;2025-09-05 15:50:42;SERVICIO DE PRUEBA;0
193;CERRADO;228;PRUEBA RUTAS ;PRUEBA RUTAS ;IKATECHPRUEBAS;2025-09-04 15:42:08;En cobertura;PROGRAMADA;CANCELADA;INTERNET HOGAR - INSTALACIÓN;HOGAR - CERRAJERIA;INSTALACIÓN;MOVISTAR;2;;;;;2025-09-04 16:39:34;SERVICIO DE PRUEBA;0
194;ABIERTO;246;345435 345354 ;345435 345354 ;IKATECHPRUEBAS;2025-09-05 10:05:00;En cobertura;PROGRAMADA;CANCELADA;INTERNET HOGAR - INSTALACIÓN;HOGAR - CERRAJERIA;INSTALACIÓN;MOVISTAR;2;rutasfase1;APIROUTE1;;;2025-09-05 15:51:34;SERVICIO DE PRUEBA;0
193;CERRADO;219;PRUEBA RUTAS ;PRUEBA RUTAS ;IKATECHPRUEBAS;2025-09-04 14:49:17;En cobertura;PROGRAMADA;CANCELADA;TELEFONÍA HOGAR - INSTALACIÓN;HOGAR - CERRAJERIA;INSTALACIÓN;MOVISTAR;2;;;;;2025-09-04 14:53:59;PROCEDIMIENTO DE CONSULTA;0
194;ABIERTO;236;345435 345354 ;345435 345354 ;IKATECHPRUEBAS;2025-09-05 08:00:00;En cobertura;PROGRAMADA;CANCELADA;INTERNET HOGAR - INSTALACIÓN;HOGAR - CERRAJERIA;INSTALACIÓN;MOVISTAR;2;rutasfase1;APIROUTE1;;;2025-09-05 15:48:25;SERVICIO DE PRUEBA;0
193;CERRADO;224;PRUEBA RUTAS ;PRUEBA RUTAS ;IKATECHPRUEBAS;2025-09-04 15:27:05;En cobertura;PROGRAMADA;CANCELADA;TELEFONÍA HOGAR - INSTALACIÓN;HOGAR - CERRAJERIA;INSTALACIÓN;MOVISTAR;2;;;;;2025-09-04 15:30:37;SERVICIO DE PRUEBA;0
194;ABIERTO;243;345435 345354 ;345435 345354 ;IKATECHPRUEBAS;2025-09-05 08:00:00;En cobertura;PROGRAMADA;CANCELADA;INTERNET HOGAR - INSTALACIÓN;HOGAR - CERRAJERIA;INSTALACIÓN;MOVISTAR;2;rutasfase1;APIROUTE1;;;2025-09-05 15:52:08;SERVICIO DE PRUEBA;0
193;CERRADO;220;PRUEBA RUTAS ;PRUEBA RUTAS ;IKATECHPRUEBAS;2025-09-04 14:55:20;En cobertura;PROGRAMADA;CANCELADA;TELEFONÍA HOGAR - INSTALACIÓN;HOGAR - CERRAJERIA;INSTALACIÓN;MOVISTAR;2;;;;;2025-09-04 15:04:42;SERVICIO DE PRUEBA;0
194;ABIERTO;232;345435 345354 ;345435 345354 ;IKATECHPRUEBAS;2025-09-05 12:50:00;En cobertura;PROGRAMADA;CANCELADA;INTERNET HOGAR - INSTALACIÓN;HOGAR - CERRAJERIA;INSTALACIÓN;MOVISTAR;2;rutasfase1;APIROUTE1;;;2025-09-05 15:47:17;SERVICIO DE PRUEBA;0
194;ABIERTO;233;345435 345354 ;345435 345354 ;IKATECHPRUEBAS;2025-09-05 11:43:00;En cobertura;PROGRAMADA;CANCELADA;INTERNET HOGAR - INSTALACIÓN;HOGAR - CERRAJERIA;INSTALACIÓN;MOVISTAR;2;rutasfase1;APIROUTE1;;;2025-09-05 15:48:00;SERVICIO DE PRUEBA;0
219;ABIERTO;315;Maria Londoño ;Maria Londoño ;IKATECHPRUEBAS;2025-09-18 13:17:00;En cobertura;PROGRAMADA;PROCESO;INTERNET HOGAR - INSTALACIÓN;HOGAR - CERRAJERIA;INSTALACIÓN;MOVISTAR;2;rutasfase1;APIROUTE1;;;;;0
193;CERRADO;221;PRUEBA RUTAS ;PRUEBA RUTAS ;IKATECHPRUEBAS;2025-09-04 15:05:23;En cobertura;PROGRAMADA;CANCELADA;TELEFONÍA HOGAR - INSTALACIÓN;HOGAR - CERRAJERIA;INSTALACIÓN;MOVISTAR;2;;;;;2025-09-04 15:18:31;SERVICIO DE PRUEBA;0
199;CERRADO;275;Maria Londoño ;Maria Londoño ;IKATECHPRUEBAS;2025-09-08 12:53:00;En cobertura;PROGRAMADA;CANCELADA;INTERNET HOGAR - INSTALACIÓN;HOGAR - CERRAJERIA;INSTALACIÓN;MOVISTAR;2;rutasfase1;APIROUTE1;;;2025-09-17 16:11:34;SERVICIO DE PRUEBA;0
199;CERRADO;273;Maria Londoño ;Maria Londoño ;IKATECHPRUEBAS;2025-09-08 10:51:00;En cobertura;PROGRAMADA;CANCELADA;INTERNET HOGAR - INSTALACIÓN;HOGAR - CERRAJERIA;INSTALACIÓN;MOVISTAR;2;rutasfase1;APIROUTE1;;;2025-09-17 16:38:52;SERVICIO DE PRUEBA;0
193;CERRADO;225;PRUEBA RUTAS ;PRUEBA RUTAS ;IKATECHPRUEBAS;2025-09-04 15:31:22;En cobertura;PROGRAMADA;CANCELADA;TELEFONÍA HOGAR - INSTALACIÓN;HOGAR - CERRAJERIA;INSTALACIÓN;MOVISTAR;2;;;;;2025-09-04 15:32:55;SERVICIO DE PRUEBA;0
193;CERRADO;222;PRUEBA RUTAS ;PRUEBA RUTAS ;IKATECHPRUEBAS;2025-09-04 15:19:00;En cobertura;PROGRAMADA;CANCELADA;INTERNET HOGAR - INSTALACIÓN;HOGAR - CERRAJERIA;INSTALACIÓN;MOVISTAR;2;;;;;2025-09-04 15:25:17;SERVICIO DE PRUEBA;0
193;CERRADO;223;PRUEBA RUTAS ;PRUEBA RUTAS ;IKATECHPRUEBAS;2025-09-04 15:21:11;En cobertura;PROGRAMADA;CANCELADA;INTERNET HOGAR - INSTALACIÓN;HOGAR - CERRAJERIA;INSTALACIÓN;MOVISTAR;2;;;;;2025-09-04 15:25:33;SERVICIO DE PRUEBA;0
193;CERRADO;226;PRUEBA RUTAS ;PRUEBA RUTAS ;IKATECHPRUEBAS;2025-09-04 15:33:54;En cobertura;PROGRAMADA;CANCELADA;TELEFONÍA HOGAR - INSTALACIÓN;HOGAR - CERRAJERIA;INSTALACIÓN;MOVISTAR;2;;;;;2025-09-04 15:34:45;SERVICIO DE PRUEBA;0
194;ABIERTO;238;345435 345354 ;345435 345354 ;IKATECHPRUEBAS;2025-09-05 13:21:00;En cobertura;PROGRAMADA;CANCELADA;INTERNET HOGAR - INSTALACIÓN;HOGAR - CERRAJERIA;INSTALACIÓN;MOVISTAR;2;rutasfase1;APIROUTE1;;;2025-09-05 15:46:55;SERVICIO DE PRUEBA;0
193;CERRADO;227;PRUEBA RUTAS ;PRUEBA RUTAS ;IKATECHPRUEBAS;2025-09-04 15:37:19;En cobertura;PROGRAMADA;CANCELADA;TELEFONÍA HOGAR - INSTALACIÓN;HOGAR - CERRAJERIA;INSTALACIÓN;MOVISTAR;2;;;;;2025-09-04 15:39:36;SERVICIO DE PRUEBA;0
194;ABIERTO;245;345435 345354 ;345435 345354 ;IKATECHPRUEBAS;2025-09-05 12:50:00;En cobertura;PROGRAMADA;CANCELADA;INTERNET HOGAR - INSTALACIÓN;HOGAR - CERRAJERIA;INSTALACIÓN;MOVISTAR;2;rutasfase1;APIROUTE1;;;2025-09-05 15:47:05;SERVICIO DE PRUEBA;0
194;ABIERTO;230;345435 345354 ;345435 345354 ;IKATECHPRUEBAS;2025-09-04 16:53:12;En cobertura;PROGRAMADA;CANCELADA;INTERNET HOGAR - INSTALACIÓN;HOGAR - CERRAJERIA;INSTALACIÓN;MOVISTAR;2;;;;;2025-09-04 16:54:08;SERVICIO DE PRUEBA;0
194;ABIERTO;229;345435 345354 ;345435 345354 ;IKATECHPRUEBAS;2025-09-04 16:46:56;En cobertura;PROGRAMADA;CANCELADA;INTERNET HOGAR - INSTALACIÓN;HOGAR - CERRAJERIA;INSTALACIÓN;MOVISTAR;2;;;;;2025-09-04 16:58:21;SERVICIO DE PRUEBA;0
194;ABIERTO;231;345435 345354 ;345435 345354 ;IKATECHPRUEBAS;2025-09-04 16:58:49;En cobertura;PROGRAMADA;CANCELADA;INTERNET HOGAR - INSTALACIÓN;HOGAR - CERRAJERIA;INSTALACIÓN;MOVISTAR;2;;;;;2025-09-04 17:02:42;SERVICIO DE PRUEBA;0
195;CERRADO;251;ABI ROMEY ;ABI ROMEY ;SRAMIREZP;2025-09-04 22:29:33;En cobertura;EMERGENCIA;CONCLUIDA;SERVICIOS DE GESTON ARTISOFT;REFERENCIA - REFERENCIA Y CORDINANCIÓN TELEFÓNICA;ARTISOFT;ARTISOFT;10;;;;2025-09-04 22:30:40;;;0
199;CERRADO;272;Maria Londoño ;Maria Londoño ;IKATECHPRUEBAS;2025-09-08 13:17:00;En cobertura;PROGRAMADA;CANCELADA;INTERNET HOGAR - INSTALACIÓN;HOGAR - CERRAJERIA;INSTALACIÓN;MOVISTAR;2;rutasfase1;APIROUTE1;;;2025-09-17 16:39:40;SERVICIO DE PRUEBA;1
199;CERRADO;268;Maria Londoño ;Maria Londoño ;IKATECHPRUEBAS;2025-09-08 12:00:23;En cobertura;PROGRAMADA;CANCELADA;INTERNET HOGAR - INSTALACIÓN;HOGAR - CERRAJERIA;INSTALACIÓN;MOVISTAR;2;rutasfase1;APIROUTE1;;;2025-09-06 15:47:16;SERVICIO DE PRUEBA;0
194;ABIERTO;250;345435 345354 ;345435 345354 ;IKATECHPRUEBAS;2025-09-05 08:00:00;En cobertura;PROGRAMADA;CANCELADA;INTERNET HOGAR - INSTALACIÓN;HOGAR - CERRAJERIA;INSTALACIÓN;MOVISTAR;2;rutasfase1;APIROUTE1;;;2025-09-05 15:51:52;SERVICIO DE PRUEBA;0
199;CERRADO;259;Maria Londoño ;Maria Londoño ;IKATECHPRUEBAS;2025-09-08 12:59:00;En cobertura;PROGRAMADA;CANCELADA;INTERNET HOGAR - INSTALACIÓN;HOGAR - CERRAJERIA;INSTALACIÓN;MOVISTAR;2;rutasfase1;APIROUTE1;;;2025-09-17 16:33:40;SERVICIO DE PRUEBA;0
196;CERRADO;252;MR CARTRETI ;MR CARTRETI ;DLOPEZ;2025-09-05 01:38:39;En cobertura;EMERGENCIA;CONCLUIDA;SERVICIOS DE GESTON ARTISOFT;REFERENCIA - REFERENCIA Y CORDINANCIÓN TELEFÓNICA;ARTISOFT;ARTISOFT;10;;;;2025-09-05 01:41:55;;;0
194;ABIERTO;244;345435 345354 ;345435 345354 ;IKATECHPRUEBAS;2025-09-05 14:03:00;En cobertura;PROGRAMADA;CONCLUIDA;INTERNET HOGAR - INSTALACIÓN;HOGAR - CERRAJERIA;INSTALACIÓN;MOVISTAR;10;rutasfase1;APIROUTE1;;2025-09-05 15:46:34;;;0
197;CERRADO;253;MR CARTRETI ;MR CARTRETI ;DLOPEZ;2025-09-05 02:42:27;En cobertura;EMERGENCIA;CONCLUIDA;SERVICIOS DE GESTON ARTISOFT;REFERENCIA - REFERENCIA Y CORDINANCIÓN TELEFÓNICA;ARTISOFT;ARTISOFT;10;;;;2025-09-05 02:44:16;;;0
214;CERRADO;309;PRESCOLA ROALE ;PRESCOLA ROALE ;DLOPEZ;2025-09-14 09:09:53;En cobertura;EMERGENCIA;CONCLUIDA;SERVICIOS DE GESTON ARTISOFT;REFERENCIA - REFERENCIA Y CORDINANCIÓN TELEFÓNICA;ARTISOFT;ARTISOFT;10;;;;2025-09-14 09:10:18;;;0
199;CERRADO;274;Maria Londoño ;Maria Londoño ;IKATECHPRUEBAS;2025-09-08 10:34:00;En cobertura;PROGRAMADA;CANCELADA;INTERNET HOGAR - INSTALACIÓN;HOGAR - CERRAJERIA;INSTALACIÓN;MOVISTAR;2;rutasfase1;APIROUTE1;;;2025-09-17 16:37:52;SERVICIO DE PRUEBA;0
199;CERRADO;260;Maria Londoño ;Maria Londoño ;IKATECHPRUEBAS;2025-09-08 15:56:00;En cobertura;PROGRAMADA;CANCELADA;INTERNET HOGAR - INSTALACIÓN;HOGAR - CERRAJERIA;INSTALACIÓN;MOVISTAR;2;rutasfase1;APIROUTE1;;;2025-09-17 16:09:58;SERVICIO DE PRUEBA;0
194;ABIERTO;247;345435 345354 ;345435 345354 ;IKATECHPRUEBAS;2025-09-05 12:30:00;En cobertura;PROGRAMADA;CANCELADA;INTERNET HOGAR - INSTALACIÓN;HOGAR - CERRAJERIA;INSTALACIÓN;MOVISTAR;2;rutasfase1;APIROUTE1;;;2025-09-05 15:47:30;SERVICIO DE PRUEBA;0
199;CERRADO;277;Maria Londoño ;Maria Londoño ;IKATECHPRUEBAS;2025-09-08 11:45:00;En cobertura;PROGRAMADA;CANCELADA;INTERNET HOGAR - INSTALACIÓN;HOGAR - CERRAJERIA;INSTALACIÓN;MOVISTAR;2;rutasfase1;APIROUTE1;;;2025-09-17 16:08:26;SERVICIO DE PRUEBA;0
199;CERRADO;267;Maria Londoño ;Maria Londoño ;IKATECHPRUEBAS;2025-09-08 08:00:00;En cobertura;PROGRAMADA;CANCELADA;INTERNET HOGAR - INSTALACIÓN;HOGAR - CERRAJERIA;INSTALACIÓN;MOVISTAR;2;rutasfase1;APIROUTE1;;;2025-09-17 16:32:49;SERVICIO DE PRUEBA;0
199;CERRADO;269;Maria Londoño ;Maria Londoño ;IKATECHPRUEBAS;2025-09-08 11:48:00;En cobertura;PROGRAMADA;CANCELADA;INTERNET HOGAR - INSTALACIÓN;HOGAR - CERRAJERIA;INSTALACIÓN;MOVISTAR;2;rutasfase1;APIROUTE1;;;2025-09-17 16:33:59;SERVICIO DE PRUEBA;0
198;ABIERTO;258;AFILIADO IKATECH ;AFILIADO IKATECH ;userapp;2025-09-05 16:30:43;En cobertura;PROGRAMADA;CANCELADA;TELEFONÍA HOGAR - INSTALACIÓN;HOGAR - CERRAJERIA;INSTALACIÓN;MOVISTAR;2;rutasfase1;APIROUTE1;;;2025-09-05 16:30:51;;0
199;CERRADO;270;Maria Londoño ;Maria Londoño ;IKATECHPRUEBAS;2025-09-08 10:31:00;En cobertura;PROGRAMADA;CANCELADA;INTERNET HOGAR - INSTALACIÓN;HOGAR - CERRAJERIA;INSTALACIÓN;MOVISTAR;2;rutasfase1;APIROUTE1;;;2025-09-17 16:36:48;SERVICIO DE PRUEBA;0
199;CERRADO;265;Maria Londoño ;Maria Londoño ;IKATECHPRUEBAS;2025-09-08 14:38:00;En cobertura;PROGRAMADA;CANCELADA;INTERNET HOGAR - INSTALACIÓN;HOGAR - CERRAJERIA;INSTALACIÓN;MOVISTAR;2;rutasfase1;APIROUTE1;;;2025-09-17 16:33:13;SERVICIO DE PRUEBA;0
199;CERRADO;280;Maria Londoño ;Maria Londoño ;xlozano2;2025-09-07 15:27:41;En cobertura;PROGRAMADA;CANCELADA;INTERNET HOGAR - INSTALACIÓN;HOGAR - CERRAJERIA;INSTALACIÓN;MOVISTAR;2;;;;;2025-09-07 15:33:46;SERVICIO DE PRUEBA;0
194;ABIERTO;255;345435 345354 ;345435 345354 ;IKATECHPRUEBAS;2025-09-05 08:13:11;En cobertura;PROGRAMADA;CONCLUIDA;TELEFONÍA HOGAR - INSTALACIÓN;HOGAR - CERRAJERIA;INSTALACIÓN;MOVISTAR;10;rutasfase1;APIROUTE1;2025-09-05 08:15:23;2025-09-05 08:16:03;;;0
194;ABIERTO;254;345435 345354 ;345435 345354 ;IKATECHPRUEBAS;2025-09-05 08:05:35;En cobertura;PROGRAMADA;CANCELADA;TELEFONÍA HOGAR - INSTALACIÓN;HOGAR - CERRAJERIA;INSTALACIÓN;MOVISTAR;2;rutasfase1;APIROUTE1;;;2025-09-05 08:16:24;SERVICIO DE PRUEBA;0
198;ABIERTO;256;AFILIADO IKATECH ;AFILIADO IKATECH ;userapp;2025-09-05 15:43:11;En cobertura;EMERGENCIA;CANCELADA;TELEFONÍA HOGAR - INSTALACIÓN;HOGAR - CERRAJERIA;INSTALACIÓN;MOVISTAR;2;;;;;2025-09-05 15:43:23;;0
194;ABIERTO;240;345435 345354 ;345435 345354 ;IKATECHPRUEBAS;2025-09-05 12:08:00;En cobertura;PROGRAMADA;CANCELADA;INTERNET HOGAR - INSTALACIÓN;HOGAR - CERRAJERIA;INSTALACIÓN;MOVISTAR;2;rutasfase1;APIROUTE1;;;2025-09-05 15:47:46;SERVICIO DE PRUEBA;0
199;CERRADO;261;Maria Londoño ;Maria Londoño ;IKATECHPRUEBAS;2025-09-06 15:34:14;En cobertura;PROGRAMADA;CANCELADA;INTERNET HOGAR - INSTALACIÓN;HOGAR - CERRAJERIA;INSTALACIÓN;MOVISTAR;2;rutasfase1;APIROUTE1;;;2025-09-06 15:14:20;SERVICIO DE PRUEBA;0
194;ABIERTO;249;345435 345354 ;345435 345354 ;IKATECHPRUEBAS;2025-09-05 11:03:00;En cobertura;PROGRAMADA;CANCELADA;INTERNET HOGAR - INSTALACIÓN;HOGAR - CERRAJERIA;INSTALACIÓN;MOVISTAR;2;rutasfase1;APIROUTE1;;;2025-09-05 15:48:39;SERVICIO DE PRUEBA;0
194;ABIERTO;239;345435 345354 ;345435 345354 ;IKATECHPRUEBAS;2025-09-05 10:49:00;En cobertura;PROGRAMADA;CANCELADA;INTERNET HOGAR - INSTALACIÓN;HOGAR - CERRAJERIA;INSTALACIÓN;MOVISTAR;2;rutasfase1;APIROUTE1;;;2025-09-05 15:48:51;PROVEEDOR EN TRÁFICO;0
194;ABIERTO;257;345435 345354 ;345435 345354 ;IKATECHPRUEBAS;2025-09-05 15:51:18;En cobertura;PROGRAMADA;CANCELADA;INTERNET HOGAR - INSTALACIÓN;HOGAR - CERRAJERIA;INSTALACIÓN;MOVISTAR;2;rutasfase1;APIROUTE1;;;2025-09-05 15:50:07;SERVICIO DE PRUEBA;0
194;ABIERTO;241;345435 345354 ;345435 345354 ;IKATECHPRUEBAS;2025-09-05 09:36:00;En cobertura;PROGRAMADA;CANCELADA;INTERNET HOGAR - INSTALACIÓN;HOGAR - CERRAJERIA;INSTALACIÓN;MOVISTAR;2;rutasfase1;APIROUTE1;;;2025-09-05 15:50:53;SERVICIO DE PRUEBA;0
194;ABIERTO;248;345435 345354 ;345435 345354 ;IKATECHPRUEBAS;2025-09-05 09:44:00;En cobertura;PROGRAMADA;CANCELADA;INTERNET HOGAR - INSTALACIÓN;HOGAR - CERRAJERIA;INSTALACIÓN;MOVISTAR;2;rutasfase1;APIROUTE1;;;2025-09-05 15:51:23;SERVICIO DE PRUEBA;0
199;CERRADO;262;Maria Londoño ;Maria Londoño ;IKATECHPRUEBAS;2025-09-06 15:20:10;En cobertura;PROGRAMADA;CANCELADA;INTERNET HOGAR - INSTALACIÓN;HOGAR - CERRAJERIA;INSTALACIÓN;MOVISTAR;2;;;;;2025-09-06 15:21:24;SERVICIO DE PRUEBA;0
199;CERRADO;263;Maria Londoño ;Maria Londoño ;IKATECHPRUEBAS;2025-09-08 09:16:41;En cobertura;PROGRAMADA;CANCELADA;INTERNET HOGAR - INSTALACIÓN;HOGAR - CERRAJERIA;INSTALACIÓN;MOVISTAR;2;rutasfase1;APIROUTE1;;;2025-09-06 15:25:12;SERVICIO DE PRUEBA;0
199;CERRADO;264;Maria Londoño ;Maria Londoño ;IKATECHPRUEBAS;2025-09-08 12:34:32;En cobertura;PROGRAMADA;CANCELADA;INTERNET HOGAR - INSTALACIÓN;HOGAR - CERRAJERIA;INSTALACIÓN;MOVISTAR;2;rutasfase1;APIROUTE1;;;2025-09-06 15:43:23;SERVICIO DE PRUEBA;0
200;CERRADO;279;RAMON JONES ;RAMON JONES ;SRAMIREZP;2025-09-07 15:15:23;En cobertura;EMERGENCIA;CONCLUIDA;SERVICIOS DE GESTON ARTISOFT;REFERENCIA - REFERENCIA Y CORDINANCIÓN TELEFÓNICA;ARTISOFT;ARTISOFT;10;;;;2025-09-07 15:17:23;;;0
211;ABIERTO;305;MR CARTRERI ;MR CARTRERI ;JMALDANA;2025-09-12 21:21:58;En cobertura;EMERGENCIA;CONCLUIDA;SERVICIOS DE GESTON ARTISOFT;REFERENCIA - REFERENCIA Y CORDINANCIÓN TELEFÓNICA;ARTISOFT;ARTISOFT;10;;;;2025-09-12 21:23:31;;;0
215;CERRADO;310;JESICA BILLY ;JESICA BILLY ;DLOPEZ;2025-09-14 10:09:03;En cobertura;EMERGENCIA;CONCLUIDA;SERVICIOS DE GESTON ARTISOFT;REFERENCIA - REFERENCIA Y CORDINANCIÓN TELEFÓNICA;ARTISOFT;ARTISOFT;10;;;;2025-09-14 10:10:03;;;0
237;CERRADO;352;PRATT CORDERO ;PRATT CORDERO ;SRAMIREZP;2025-10-08 17:20:30;En cobertura;EMERGENCIA;CONCLUIDA;SERVICIOS DE GESTON ARTISOFT;REFERENCIA - REFERENCIA Y CORDINANCIÓN TELEFÓNICA;ARTISOFT;ARTISOFT;10;;;;2025-10-08 17:21:17;;;0
218;CERRADO;313;SHOY MASANDRES ;SHOY MASANDRES ;BRAMIREZ;2025-09-16 09:48:31;En cobertura;EMERGENCIA;CONCLUIDA;SERVICIOS DE GESTON ARTISOFT;REFERENCIA - REFERENCIA Y CORDINANCIÓN TELEFÓNICA;ARTISOFT;ARTISOFT;10;;;;2025-09-16 09:52:17;;;0
199;CERRADO;278;Maria Londoño ;Maria Londoño ;IKATECHPRUEBAS;2025-09-08 08:00:00;En cobertura;PROGRAMADA;CANCELADA;INTERNET HOGAR - INSTALACIÓN;HOGAR - CERRAJERIA;INSTALACIÓN;MOVISTAR;2;rutasfase1;APIROUTE1;;;2025-09-17 16:09:01;SERVICIO DE PRUEBA;0
232;CERRADO;347;MISS MICHELLE ;MISS MICHELLE ;DLOPEZ;2025-10-02 10:29:19;En cobertura;EMERGENCIA;CONCLUIDA;SERVICIOS DE GESTON ARTISOFT;REFERENCIA - REFERENCIA Y CORDINANCIÓN TELEFÓNICA;ARTISOFT;ARTISOFT;10;;;;2025-10-02 10:30:53;;;0
223;CERRADO;338;SANDY PARKER ;SANDY PARKER ;SRAMIREZP;2025-09-22 07:41:24;En cobertura;EMERGENCIA;CONCLUIDA;SERVICIOS DE GESTON ARTISOFT;REFERENCIA - REFERENCIA Y CORDINANCIÓN TELEFÓNICA;ARTISOFT;ARTISOFT;10;;;;2025-09-22 07:42:13;;;0
228;CERRADO;343;MICHAEL CARTWRIGHT ;MICHAEL CARTWRIGHT ;KEVINRIOS;2025-09-25 08:09:17;En cobertura;EMERGENCIA;CONCLUIDA;SERVICIOS DE GESTON ARTISOFT;REFERENCIA - REFERENCIA Y CORDINANCIÓN TELEFÓNICA;ARTISOFT;ARTISOFT;10;;;;2025-09-25 08:11:50;;;0
219;ABIERTO;331;Maria Londoño ;Maria Londoño ;IKATECHPRUEBAS;2025-09-18 10:55:22;En cobertura;PROGRAMADA;CANCELADA;INTERNET HOGAR - INSTALACIÓN;HOGAR - CERRAJERIA;INSTALACIÓN;MOVISTAR;2;rutasfase1;APIROUTE1;;;2025-09-18 09:22:12;SERVICIO DE PRUEBA;0
219;ABIERTO;334;Maria Londoño ;Maria Londoño ;IKATECHPRUEBAS;2025-09-18 12:52:22;En cobertura;PROGRAMADA;PROCESO;INTERNET HOGAR - INSTALACIÓN;HOGAR - CERRAJERIA;INSTALACIÓN;MOVISTAR;10;rutasfase1;APIROUTE1;2025-09-18 12:45:13;;;;0
219;ABIERTO;327;Maria Londoño ;Maria Londoño ;IKATECHPRUEBAS;2025-09-18 08:00:00;En cobertura;PROGRAMADA;PROCESO;INTERNET HOGAR - INSTALACIÓN;HOGAR - CERRAJERIA;INSTALACIÓN;MOVISTAR;2;rutasfase1;APIROUTE1;;;;;0
219;ABIERTO;316;Maria Londoño ;Maria Londoño ;IKATECHPRUEBAS;2025-09-18 09:32:00;En cobertura;PROGRAMADA;PROCESO;INTERNET HOGAR - INSTALACIÓN;HOGAR - CERRAJERIA;INSTALACIÓN;MOVISTAR;2;rutasfase1;APIROUTE1;;;;;0
219;ABIERTO;319;Maria Londoño ;Maria Londoño ;IKATECHPRUEBAS;2025-09-18 09:41:00;En cobertura;PROGRAMADA;PROCESO;INTERNET HOGAR - INSTALACIÓN;HOGAR - CERRAJERIA;INSTALACIÓN;MOVISTAR;2;rutasfase1;APIROUTE1;;;;;0
219;ABIERTO;323;Maria Londoño ;Maria Londoño ;IKATECHPRUEBAS;2025-09-18 09:26:56;En cobertura;PROGRAMADA;PROCESO;INTERNET HOGAR - INSTALACIÓN;HOGAR - CERRAJERIA;INSTALACIÓN;MOVISTAR;2;rutasfase1;APIROUTE1;;;;;0
216;CERRADO;311;SANDY PARKER ;SANDY PARKER ;SRAMIREZP;2025-09-14 15:14:08;En cobertura;EMERGENCIA;CONCLUIDA;SERVICIOS DE GESTON ARTISOFT;REFERENCIA - REFERENCIA Y CORDINANCIÓN TELEFÓNICA;ARTISOFT;ARTISOFT;10;;;;2025-09-14 15:14:33;;;0
220;CERRADO;335;PRESTON DEEN ;PRESTON DEEN ;MMORESAN;2025-09-20 17:24:20;En cobertura;EMERGENCIA;CONCLUIDA;SERVICIOS DE GESTON ARTISOFT;REFERENCIA - REFERENCIA Y CORDINANCIÓN TELEFÓNICA;ARTISOFT;ARTISOFT;10;;;;2025-09-20 17:26:59;;;0
199;CERRADO;271;Maria Londoño ;Maria Londoño ;IKATECHPRUEBAS;2025-09-08 12:03:00;En cobertura;PROGRAMADA;CANCELADA;INTERNET HOGAR - INSTALACIÓN;HOGAR - CERRAJERIA;INSTALACIÓN;MOVISTAR;2;rutasfase1;APIROUTE1;;;2025-09-17 16:12:00;SERVICIO DE PRUEBA;0
211;ABIERTO;306;MR CARTRERI ;MR CARTRERI ;JMALDANA;2025-09-12 21:24:09;En cobertura;EMERGENCIA;CONCLUIDA;SERVICIOS DE GESTON ARTISOFT;REFERENCIA - REFERENCIA Y CORDINANCIÓN TELEFÓNICA;ARTISOFT;ARTISOFT;10;;;;2025-09-12 21:25:07;;;0
238;CERRADO;353;MONEY MAQUIET ;MONEY MAQUIET ;SRAMIREZP;2025-10-12 16:58:02;En cobertura;EMERGENCIA;CONCLUIDA;SERVICIOS DE GESTON ARTISOFT;REFERENCIA - REFERENCIA Y CORDINANCIÓN TELEFÓNICA;ARTISOFT;ARTISOFT;10;;;;2025-10-12 16:59:05;;;0
199;CERRADO;294;Maria Londoño ;Maria Londoño ;xlozano2;2025-09-08 09:40:37;En cobertura;PROGRAMADA;CANCELADA;INTERNET HOGAR - INSTALACIÓN;HOGAR - CERRAJERIA;INSTALACIÓN;MOVISTAR;2;rutasfase1;APIROUTE1;;;2025-09-17 16:38:21;SERVICIO DE PRUEBA;0
199;CERRADO;288;Maria Londoño ;Maria Londoño ;xlozano2;2025-09-08 09:25:03;En cobertura;EMERGENCIA;CANCELADA;INTERNET HOGAR - INSTALACIÓN;HOGAR - CERRAJERIA;INSTALACIÓN;MOVISTAR;2;rutasfase1;APIROUTE1;;;2025-09-07 15:54:49;SERVICIO DE PRUEBA;0
219;ABIERTO;317;Maria Londoño ;Maria Londoño ;IKATECHPRUEBAS;2025-09-18 10:29:10;En cobertura;PROGRAMADA;CANCELADA;INTERNET HOGAR - INSTALACIÓN;HOGAR - CERRAJERIA;INSTALACIÓN;MOVISTAR;2;rutasfase1;APIROUTE1;;;2025-09-17 21:32:52;SERVICIO DE PRUEBA;0
199;CERRADO;292;Maria Londoño ;Maria Londoño ;IKATECHPRUEBAS;2025-09-07 22:33:46;En cobertura;PROGRAMADA;CANCELADA;INTERNET HOGAR - INSTALACIÓN;HOGAR - CERRAJERIA;INSTALACIÓN;MOVISTAR;2;;;;;2025-09-07 22:35:31;SERVICIO DE PRUEBA;0
199;CERRADO;290;Maria Londoño ;Maria Londoño ;IKATECHPRUEBAS;2025-09-08 08:00:00;En cobertura;PROGRAMADA;CANCELADA;INTERNET HOGAR - INSTALACIÓN;HOGAR - CERRAJERIA;INSTALACIÓN;MOVISTAR;2;rutasfase1;APIROUTE1;;;2025-09-07 22:36:00;SERVICIO DE PRUEBA;0
199;CERRADO;296;Maria Londoño ;Maria Londoño ;xlozano2;2025-09-08 11:04:18;En cobertura;PROGRAMADA;CANCELADA;INTERNET HOGAR - INSTALACIÓN;HOGAR - CERRAJERIA;INSTALACIÓN;MOVISTAR;2;rutasfase1;APIROUTE1;;;2025-09-17 16:39:10;SERVICIO DE PRUEBA;0
199;CERRADO;287;Maria Londoño ;Maria Londoño ;xlozano2;2025-09-08 13:05:35;En cobertura;PROGRAMADA;CANCELADA;INTERNET HOGAR - INSTALACIÓN;HOGAR - CERRAJERIA;INSTALACIÓN;MOVISTAR;2;rutasfase1;APIROUTE1;;;2025-09-07 15:55:22;SERVICIO DE PRUEBA;0
199;CERRADO;291;Maria Londoño ;Maria Londoño ;IKATECHPRUEBAS;2025-09-08 09:12:00;En cobertura;PROGRAMADA;CANCELADA;INTERNET HOGAR - INSTALACIÓN;HOGAR - CERRAJERIA;INSTALACIÓN;MOVISTAR;2;rutasfase1;APIROUTE1;;;2025-09-07 22:36:25;SERVICIO DE PRUEBA;0
219;ABIERTO;324;Maria Londoño ;Maria Londoño ;IKATECHPRUEBAS;2025-09-18 12:13:56;En cobertura;PROGRAMADA;PROCESO;INTERNET HOGAR - INSTALACIÓN;HOGAR - CERRAJERIA;INSTALACIÓN;MOVISTAR;2;rutasfase1;APIROUTE1;;;;;0
239;CERRADO;354;DAFNE TOD ;DAFNE TOD ;DLOPEZ;2025-10-15 12:55:01;En cobertura;EMERGENCIA;CONCLUIDA;SERVICIOS DE GESTON ARTISOFT;REFERENCIA - REFERENCIA Y CORDINANCIÓN TELEFÓNICA;ARTISOFT;ARTISOFT;10;;;;2025-10-15 12:56:11;;;0
201;CERRADO;295;NEMO NEMO ;NEMO NEMO ;KEVINRIOS;2025-09-08 10:39:29;En cobertura;PROGRAMADA;CONCLUIDA;SERVICIOS DE GESTON ARTISOFT;REFERENCIA - REFERENCIA Y CORDINANCIÓN TELEFÓNICA;ARTISOFT;ARTISOFT;10;;;;2025-09-08 10:40:19;;;0
224;CERRADO;339;SHAMIKA ROBINSON ;SHAMIKA ROBINSON ;BRAMIREZ;2025-09-23 12:07:03;En cobertura;EMERGENCIA;CONCLUIDA;SERVICIOS DE GESTON ARTISOFT;REFERENCIA - REFERENCIA Y CORDINANCIÓN TELEFÓNICA;ARTISOFT;ARTISOFT;10;;;;2025-09-23 12:08:09;;;0
199;CERRADO;285;Maria Londoño ;Maria Londoño ;xlozano2;2025-09-08 09:25:09;En cobertura;PROGRAMADA;CANCELADA;INTERNET HOGAR - INSTALACIÓN;HOGAR - CERRAJERIA;INSTALACIÓN;MOVISTAR;2;rutasfase1;APIROUTE1;;;2025-09-07 15:42:27;SERVICIO DE PRUEBA;0
199;CERRADO;293;Maria Londoño ;Maria Londoño ;xlozano2;2025-09-08 09:31:06;En cobertura;PROGRAMADA;CANCELADA;INTERNET HOGAR - INSTALACIÓN;HOGAR - CERRAJERIA;INSTALACIÓN;MOVISTAR;2;rutasfase1;APIROUTE1;;;2025-09-08 09:28:24;SERVICIO DE PRUEBA;0
219;ABIERTO;332;Maria Londoño ;Maria Londoño ;IKATECHPRUEBAS;2025-09-18 10:56:16;En cobertura;PROGRAMADA;CANCELADA;INTERNET HOGAR - INSTALACIÓN;HOGAR - CERRAJERIA;INSTALACIÓN;MOVISTAR;2;rutasfase1;APIROUTE1;;;2025-09-18 09:46:48;SERVICIO DE PRUEBA;0
199;CERRADO;286;Maria Londoño ;Maria Londoño ;xlozano2;2025-09-08 11:52:15;En cobertura;EMERGENCIA;CANCELADA;INTERNET HOGAR - INSTALACIÓN;HOGAR - CERRAJERIA;INSTALACIÓN;MOVISTAR;2;rutasfase1;APIROUTE1;;;2025-09-07 15:55:45;SERVICIO DE PRUEBA;0
199;CERRADO;289;Maria Londoño ;Maria Londoño ;xlozano2;2025-09-07 15:49:13;En cobertura;EMERGENCIA;CANCELADA;INTERNET HOGAR - INSTALACIÓN;HOGAR - CERRAJERIA;INSTALACIÓN;MOVISTAR;3;rutasfase1;APIROUTE1;;;2025-09-08 09:29:38;SERVICIO DE PRUEBA;0
199;CERRADO;284;Maria Londoño ;Maria Londoño ;xlozano2;2025-09-08 10:37:04;En cobertura;PROGRAMADA;CANCELADA;INTERNET HOGAR - INSTALACIÓN;HOGAR - CERRAJERIA;INSTALACIÓN;MOVISTAR;2;rutasfase1;APIROUTE1;;;2025-09-07 15:56:11;SERVICIO DE PRUEBA;0
225;CERRADO;340;RAMON JOHNS ;RAMON JOHNS ;BRAMIREZ;2025-09-24 09:53:50;En cobertura;EMERGENCIA;CONCLUIDA;SERVICIOS DE GESTON ARTISOFT;REFERENCIA - REFERENCIA Y CORDINANCIÓN TELEFÓNICA;ARTISOFT;ARTISOFT;10;;;;2025-09-24 09:54:44;;;0
199;CERRADO;283;Maria Londoño ;Maria Londoño ;xlozano2;2025-09-07 18:03:32;En cobertura;PROGRAMADA;CANCELADA;INTERNET HOGAR - INSTALACIÓN;HOGAR - CERRAJERIA;INSTALACIÓN;MOVISTAR;2;rutasfase1;APIROUTE1;;;2025-09-08 09:30:08;SERVICIO DE PRUEBA;0
240;CERRADO;355;LAMAR JONES ;LAMAR JONES ;DLOPEZ;2025-10-16 07:50:09;En cobertura;EMERGENCIA;CONCLUIDA;SERVICIOS DE GESTON ARTISOFT;REFERENCIA - REFERENCIA Y CORDINANCIÓN TELEFÓNICA;ARTISOFT;ARTISOFT;10;;;;2025-10-16 07:52:29;;;0
199;CERRADO;281;Maria Londoño ;Maria Londoño ;xlozano2;2025-09-07 16:55:19;En cobertura;PROGRAMADA;CANCELADA;INTERNET HOGAR - INSTALACIÓN;HOGAR - CERRAJERIA;INSTALACIÓN;MOVISTAR;2;rutasfase1;APIROUTE1;;;2025-09-07 15:52:45;SERVICIO DE PRUEBA;0
199;CERRADO;282;Maria Londoño ;Maria Londoño ;xlozano2;2025-09-08 08:00:00;En cobertura;PROGRAMADA;CANCELADA;INTERNET HOGAR - INSTALACIÓN;HOGAR - CERRAJERIA;INSTALACIÓN;MOVISTAR;2;rutasfase1;APIROUTE1;;;2025-09-07 15:54:24;SERVICIO DE PRUEBA;0
241;CERRADO;356;EIT ANDREWS ;EIT ANDREWS ;BRAMIREZ;2025-10-21 08:47:03;En cobertura;EMERGENCIA;CONCLUIDA;SERVICIOS DE GESTON ARTISOFT;REFERENCIA - REFERENCIA Y CORDINANCIÓN TELEFÓNICA;ARTISOFT;ARTISOFT;10;;;;2025-10-21 08:51:04;;;0
199;CERRADO;266;Maria Londoño ;Maria Londoño ;IKATECHPRUEBAS;2025-09-08 09:15:00;En cobertura;PROGRAMADA;CANCELADA;INTERNET HOGAR - INSTALACIÓN;HOGAR - CERRAJERIA;INSTALACIÓN;MOVISTAR;2;rutasfase1;APIROUTE1;;;2025-09-08 10:55:43;SERVICIO DE PRUEBA;0
203;CERRADO;298;RUSHAL ANEMO ;RUSHAL ANEMO ;BRAMIREZ;2025-09-08 11:58:18;En cobertura;EMERGENCIA;CONCLUIDA;SERVICIOS DE GESTON ARTISOFT;REFERENCIA - REFERENCIA Y CORDINANCIÓN TELEFÓNICA;ARTISOFT;ARTISOFT;10;;;;2025-09-08 11:59:23;;;0
206;CERRADO;300;SANDY PARKER ;SANDY PARKER ;KEVINRIOS;2025-09-10 08:57:46;En cobertura;EMERGENCIA;CONCLUIDA;SERVICIOS DE GESTON ARTISOFT;REFERENCIA - REFERENCIA Y CORDINANCIÓN TELEFÓNICA;ARTISOFT;ARTISOFT;10;;;;2025-09-10 08:58:32;;;0
242;ABIERTO;357;LAMAR NAHAM ;LAMAR NAHAM ;DLOPEZ;2025-10-22 00:15:45;En cobertura;EMERGENCIA;CONCLUIDA;SERVICIOS DE GESTON ARTISOFT;REFERENCIA - REFERENCIA Y CORDINANCIÓN TELEFÓNICA;ARTISOFT;ARTISOFT;10;;;;2025-10-22 00:17:17;;;0
207;CERRADO;301;CODERL CART ;CODERL CART ;DLOPEZ;2025-09-10 19:12:59;En cobertura;EMERGENCIA;CONCLUIDA;SERVICIOS DE GESTON ARTISOFT;REFERENCIA - REFERENCIA Y CORDINANCIÓN TELEFÓNICA;ARTISOFT;ARTISOFT;10;;;;2025-09-10 19:14:57;;;0
244;CERRADO;359;MICHELLE THOMPSON ;MICHELLE THOMPSON ;SRAMIREZP;2025-10-22 15:50:59;En cobertura;EMERGENCIA;CONCLUIDA;SERVICIOS DE GESTON ARTISOFT;REFERENCIA - REFERENCIA Y CORDINANCIÓN TELEFÓNICA;ARTISOFT;ARTISOFT;10;;;;2025-10-22 15:52:53;;;0
212;CERRADO;307;JOSH CARTY ;JOSH CARTY ;SRAMIREZP;2025-09-13 06:23:37;En cobertura;EMERGENCIA;CONCLUIDA;SERVICIOS DE GESTON ARTISOFT;REFERENCIA - REFERENCIA Y CORDINANCIÓN TELEFÓNICA;ARTISOFT;ARTISOFT;10;;;;2025-09-13 06:24:14;;;0
208;CERRADO;302;DAINAH WILLIAMS ;DAINAH WILLIAMS ;KEVINRIOS;2025-09-11 16:56:52;En cobertura;EMERGENCIA;CONCLUIDA;SERVICIOS DE GESTON ARTISOFT;REFERENCIA - REFERENCIA Y CORDINANCIÓN TELEFÓNICA;ARTISOFT;ARTISOFT;10;;;;2025-09-11 16:57:13;;;0
217;CERRADO;312;COURTNEY STUBSS ;COURTNEY STUBSS ;KEVINRIOS;2025-09-14 23:21:49;En cobertura;EMERGENCIA;CONCLUIDA;SERVICIOS DE GESTON ARTISOFT;REFERENCIA - REFERENCIA Y CORDINANCIÓN TELEFÓNICA;ARTISOFT;ARTISOFT;10;;;;2025-09-14 23:22:26;;;0
199;CERRADO;276;Maria Londoño ;Maria Londoño ;IKATECHPRUEBAS;2025-09-08 09:14:00;En cobertura;PROGRAMADA;CANCELADA;INTERNET HOGAR - INSTALACIÓN;HOGAR - CERRAJERIA;INSTALACIÓN;MOVISTAR;2;rutasfase1;APIROUTE1;;;2025-09-17 16:37:20;SERVICIO DE PRUEBA;0
221;CERRADO;336;Sandy Parker ;Sandy Parker ;SRAMIREZP;2025-09-21 15:34:41;En cobertura;EMERGENCIA;CONCLUIDA;SERVICIOS DE GESTON ARTISOFT;REFERENCIA - REFERENCIA Y CORDINANCIÓN TELEFÓNICA;ARTISOFT;ARTISOFT;10;;;;2025-09-21 15:35:28;;;0
245;CERRADO;360;AMAN JHONES ;AMAN JHONES ;DLOPEZ;2025-10-23 06:42:42;En cobertura;EMERGENCIA;CONCLUIDA;SERVICIOS DE GESTON ARTISOFT;REFERENCIA - REFERENCIA Y CORDINANCIÓN TELEFÓNICA;ARTISOFT;ARTISOFT;10;;;;2025-10-23 06:43:18;;;0
231;CERRADO;346;CARSON WRIGHT ;CARSON WRIGHT ;BRAMIREZ;2025-09-30 23:14:08;En cobertura;EMERGENCIA;CONCLUIDA;SERVICIOS DE GESTON ARTISOFT;REFERENCIA - REFERENCIA Y CORDINANCIÓN TELEFÓNICA;ARTISOFT;ARTISOFT;10;;;;2025-09-30 23:15:32;;;0
219;ABIERTO;333;Maria Londoño ;Maria Londoño ;IKATECHPRUEBAS;2025-09-18 13:58:47;En cobertura;PROGRAMADA;PROCESO;INTERNET HOGAR - INSTALACIÓN;HOGAR - CERRAJERIA;INSTALACIÓN;MOVISTAR;2;rutasfase1;APIROUTE1;;;;;0
234;CERRADO;349;PRPREESCOLA ROLLE ;PRPREESCOLA ROLLE ;KEVINRIOS;2025-10-05 08:58:07;En cobertura;EMERGENCIA;CONCLUIDA;SERVICIOS DE GESTON ARTISOFT;REFERENCIA - REFERENCIA Y CORDINANCIÓN TELEFÓNICA;ARTISOFT;ARTISOFT;10;;;;2025-10-05 08:58:42;;;0
219;ABIERTO;318;Maria Londoño ;Maria Londoño ;IKATECHPRUEBAS;2025-09-18 10:52:00;En cobertura;PROGRAMADA;PROCESO;INTERNET HOGAR - INSTALACIÓN;HOGAR - CERRAJERIA;INSTALACIÓN;MOVISTAR;2;rutasfase1;APIROUTE1;;;;;0
246;CERRADO;361;KAREN MAYA ;KAREN MAYA ;JMALDANA;2025-10-26 21:09:02;En cobertura;EMERGENCIA;CONCLUIDA;SERVICIOS DE GESTON ARTISOFT;REFERENCIA - REFERENCIA Y CORDINANCIÓN TELEFÓNICA;ARTISOFT;ARTISOFT;10;;;;2025-10-26 21:09:47;;;0
226;CERRADO;341;RAMON JOHNS ;RAMON JOHNS ;BRAMIREZ;2025-09-24 11:17:51;En cobertura;EMERGENCIA;CONCLUIDA;SERVICIOS DE GESTON ARTISOFT;REFERENCIA - REFERENCIA Y CORDINANCIÓN TELEFÓNICA;ARTISOFT;ARTISOFT;10;;;;2025-09-24 11:18:47;;;0
219;ABIERTO;321;Maria Londoño ;Maria Londoño ;IKATECHPRUEBAS;2025-09-18 08:00:00;En cobertura;PROGRAMADA;PROCESO;INTERNET HOGAR - INSTALACIÓN;HOGAR - CERRAJERIA;INSTALACIÓN;MOVISTAR;2;rutasfase1;APIROUTE1;;;;;0
219;ABIERTO;329;Maria Londoño ;Maria Londoño ;IKATECHPRUEBAS;2025-09-18 09:11:49;En cobertura;PROGRAMADA;CANCELADA;INTERNET HOGAR - INSTALACIÓN;HOGAR - CERRAJERIA;INSTALACIÓN;MOVISTAR;2;;;;;2025-09-18 09:12:58;SERVICIO DE PRUEBA;0
219;ABIERTO;325;Maria Londoño ;Maria Londoño ;IKATECHPRUEBAS;2025-09-18 13:29:56;En cobertura;PROGRAMADA;PROCESO;INTERNET HOGAR - INSTALACIÓN;HOGAR - CERRAJERIA;INSTALACIÓN;MOVISTAR;2;rutasfase1;APIROUTE1;;;;;0
230;CERRADO;345;JANICE CRATWIST ;JANICE CRATWIST ;MMORESAN;2025-09-30 16:11:54;En cobertura;EMERGENCIA;CONCLUIDA;SERVICIOS DE GESTON ARTISOFT;REFERENCIA - REFERENCIA Y CORDINANCIÓN TELEFÓNICA;ARTISOFT;ARTISOFT;10;;;;2025-09-30 16:12:23;;;0
233;CERRADO;348;TAMY PARK ;TAMY PARK ;DLOPEZ;2025-10-02 13:30:52;En cobertura;EMERGENCIA;CONCLUIDA;SERVICIOS DE GESTON ARTISOFT;REFERENCIA - REFERENCIA Y CORDINANCIÓN TELEFÓNICA;ARTISOFT;ARTISOFT;10;;;;2025-10-02 13:31:57;;;0
236;CERRADO;351;SANDI PACO ;SANDI PACO ;KEVINRIOS;2025-10-06 13:29:59;En cobertura;PROGRAMADA;CONCLUIDA;SERVICIOS DE GESTON ARTISOFT;REFERENCIA - REFERENCIA Y CORDINANCIÓN TELEFÓNICA;ARTISOFT;ARTISOFT;10;;;;2025-10-06 13:30:25;;;0
210;CERRADO;304;SIMON AIRELIN ;SIMON AIRELIN ;SRAMIREZP;2025-09-12 20:59:45;En cobertura;EMERGENCIA;CONCLUIDA;SERVICIOS DE GESTON ARTISOFT;REFERENCIA - REFERENCIA Y CORDINANCIÓN TELEFÓNICA;ARTISOFT;ARTISOFT;10;;;;2025-09-12 21:01:34;;;0
209;CERRADO;303;SHAQUEAL THOMPSON ;SHAQUEAL THOMPSON ;DLOPEZ;2025-09-12 14:55:36;En cobertura;EMERGENCIA;CONCLUIDA;SERVICIOS DE GESTON ARTISOFT;REFERENCIA - REFERENCIA Y CORDINANCIÓN TELEFÓNICA;ARTISOFT;ARTISOFT;10;;;;2025-09-12 15:00:05;;;0
213;CERRADO;308;ROMAN JONES ;ROMAN JONES ;JMALDANA;2025-09-13 19:47:13;En cobertura;EMERGENCIA;CONCLUIDA;SERVICIOS DE GESTON ARTISOFT;REFERENCIA - REFERENCIA Y CORDINANCIÓN TELEFÓNICA;ARTISOFT;ARTISOFT;10;;;;2025-09-13 19:48:30;;;0
222;CERRADO;337;Manny Buleck ;Manny Buleck ;JMALDANA;2025-09-21 15:37:44;En cobertura;EMERGENCIA;CONCLUIDA;SERVICIOS DE GESTON ARTISOFT;REFERENCIA - REFERENCIA Y CORDINANCIÓN TELEFÓNICA;ARTISOFT;ARTISOFT;10;;;;2025-09-21 15:39:10;;;0
243;ABIERTO;358;RAMON JOHNS ;RAMON JOHNS ;BRAMIREZ;2025-10-22 08:45:40;En cobertura;EMERGENCIA;PROCESO;SERVICIOS DE GESTON ARTISOFT;REFERENCIA - REFERENCIA Y CORDINANCIÓN TELEFÓNICA;ARTISOFT;ARTISOFT;10;;;;;;;0
235;CERRADO;350;SIMONE ADDERLEY ;SIMONE ADDERLEY ;SRAMIREZP;2025-10-05 16:45:37;En cobertura;EMERGENCIA;CONCLUIDA;SERVICIOS DE GESTON ARTISOFT;REFERENCIA - REFERENCIA Y CORDINANCIÓN TELEFÓNICA;ARTISOFT;ARTISOFT;10;;;;2025-10-05 16:46:48;;;0
227;CERRADO;342;SANDY PORCUK ;SANDY PORCUK ;BRAMIREZ;2025-09-24 12:03:37;En cobertura;EMERGENCIA;CONCLUIDA;SERVICIOS DE GESTON ARTISOFT;REFERENCIA - REFERENCIA Y CORDINANCIÓN TELEFÓNICA;ARTISOFT;ARTISOFT;10;;;;2025-09-24 12:05:08;;;0
219;ABIERTO;314;Maria Londoño ;Maria Londoño ;IKATECHPRUEBAS;2025-09-18 08:00:00;En cobertura;PROGRAMADA;CANCELADA;INTERNET HOGAR - INSTALACIÓN;HOGAR - CERRAJERIA;INSTALACIÓN;MOVISTAR;2;rutasfase1;APIROUTE1;;;2025-09-30 12:26:15;SERVICIO DE PRUEBA;0
219;ABIERTO;328;Maria Londoño ;Maria Londoño ;IKATECHPRUEBAS;2025-09-18 09:22:00;En cobertura;PROGRAMADA;PROCESO;INTERNET HOGAR - INSTALACIÓN;HOGAR - CERRAJERIA;INSTALACIÓN;MOVISTAR;2;rutasfase1;APIROUTE1;;;;;0
229;ABIERTO;344;PRUEBA FRANCO ;PRUEBA FRANCO ;CFRANCO2;2025-09-30 09:14:21;En cobertura;EMERGENCIA;PROCESO;CERRAJERIA VIAL;VEHICULAR - CERRAJERIA VIAL;PRUEBA FRANCO;PRUEBA FRANCO;10;CFRANCO2;MANUAL;;;;;0
219;ABIERTO;320;Maria Londoño ;Maria Londoño ;IKATECHPRUEBAS;2025-09-18 11:04:00;En cobertura;PROGRAMADA;PROCESO;INTERNET HOGAR - INSTALACIÓN;HOGAR - CERRAJERIA;INSTALACIÓN;MOVISTAR;3;rutasfase1;APIROUTE1;;;;;0
202;ABIERTO;297;RAMON JONES ;RAMON JONES ;KEVINRIOS;2025-09-08 11:42:39;En cobertura;PROGRAMADA;PROCESO;SERVICIOS DE GESTON ARTISOFT;REFERENCIA - REFERENCIA Y CORDINANCIÓN TELEFÓNICA;ARTISOFT;ARTISOFT;10;;;;;;;0
204;ABIERTO;299;RAMON JOHNS JOHNS ;RAMON JOHNS JOHNS ;BRAMIREZ;2025-09-09 08:10:51;En cobertura;EMERGENCIA;PROCESO;SERVICIOS DE GESTON ARTISOFT;REFERENCIA - REFERENCIA Y CORDINANCIÓN TELEFÓNICA;ARTISOFT;ARTISOFT;10;;;;;;;0
219;ABIERTO;322;Maria Londoño ;Maria Londoño ;IKATECHPRUEBAS;2025-09-18 12:22:00;En cobertura;PROGRAMADA;PROCESO;INTERNET HOGAR - INSTALACIÓN;HOGAR - CERRAJERIA;INSTALACIÓN;MOVISTAR;2;rutasfase1;APIROUTE1;;;;;0
219;ABIERTO;326;Maria Londoño ;Maria Londoño ;IKATECHPRUEBAS;2025-09-18 10:48:56;En cobertura;PROGRAMADA;PROCESO;INTERNET HOGAR - INSTALACIÓN;HOGAR - CERRAJERIA;INSTALACIÓN;MOVISTAR;2;rutasfase1;APIROUTE1;;;;;0
219;ABIERTO;330;Maria Londoño ;Maria Londoño ;IKATECHPRUEBAS;2025-09-18 09:38:11;En cobertura;PROGRAMADA;PROCESO;INTERNET HOGAR - INSTALACIÓN;HOGAR - CERRAJERIA;INSTALACIÓN;MOVISTAR;2;rutasfase1;APIROUTE1;;;;;0
