id_expediente;estado_expediente;id_asistencia;nombre_titular;nombre_contacto;usuario_que_apertura;creacion_asistencia;condicion_servicio;prioridad_atention;estado_asistencia;plan_servicio;servicio;plan;cuenta;etapa;usuario_que_asigna;tipo_asignacion;fecha_finalizacion_proveedor;fecha_finalizacion_asistencia;fecha_cancelacion_asistencia;justificacion_cancelacion;cantidad_llamadas
27;CERRADO;86;PRUEBA QA ;PRUEBA QA ;idiomaika;2025-02-04 12:41:32;En cobertura;PROGRAMADA;CANCELADA;VEHICULAR IKATECH;SERVICIOS IKATECH SOLUCTIONS;IKATECH SOLUTIONS;IKATECH SOLUTIONS;2;idiomaika;MANUAL;;;2025-02-04 12:44:22;CLIENTE NO ACEPTA EL PROVEEDOR ENVIADO;0
26;CERRADO;84;TEST UNO QA ;TEST UNO QA ;PRUEBASIKA1;2025-02-04 12:00:00;En cobertura;EMERGENCIA;CANCELADA;VEHICULAR IKATECH;SERVICIOS IKATECH SOLUCTIONS;IKATECH SOLUTIONS;IKATECH SOLUTIONS;2;PRUEBASIKA1;MANUAL;;;2025-02-04 12:05:57;CLIENTE NO ACEPTA EL PROVEEDOR ENVIADO;0
6;ABIERTO;27;ikatech solutions ;ikatech solutions ;NATALYC;2023-12-21 17:49:18;En cobertura;EMERGENCIA;CANCELADA;VEHICULAR IKATECH;SERVICIOS IKATECH SOLUCTIONS;IKATECH SOLUTIONS;IKATECH SOLUTIONS;3;RUTASP1;APP;;;2023-12-21 18:15:47;CLIENTE NO ACEPTA EL PROVEEDOR ENVIADO;0
1;ABIERTO;32;PRUEBAS QA IKATECH ;PRUEBAS QA IKATECH ;NATALYC;2023-12-22 15:26:22;En cobertura;EMERGENCIA;CANCELADA;HOGAR IKATECH;SERVICIOS IKATECH SOLUCTIONS;IKATECH SOLUTIONS;IKATECH SOLUTIONS;3;SOPQA;APP;;;2023-12-22 15:45:26;CLIENTE NO ACEPTA EL PROVEEDOR ENVIADO;0
1;ABIERTO;32;PRUEBAS QA IKATECH ;PRUEBAS QA IKATECH ;NATALYC;2023-12-22 15:26:22;En cobertura;EMERGENCIA;CANCELADA;HOGAR IKATECH;SERVICIOS IKATECH SOLUCTIONS;IKATECH SOLUTIONS;IKATECH SOLUTIONS;3;NATALYC;MANUAL;;;2023-12-22 15:45:26;CLIENTE NO ACEPTA EL PROVEEDOR ENVIADO;0
6;ABIERTO;26;ikatech solutions ;ikatech solutions ;NATALYC;2023-12-21 17:44:57;En cobertura;EMERGENCIA;CANCELADA;HOGAR IKATECH;SERVICIOS IKATECH SOLUCTIONS;IKATECH SOLUTIONS;IKATECH SOLUTIONS;3;RUTASP1;APP;;;2023-12-21 17:47:18;CLIENTE NO ACEPTA EL PROVEEDOR ENVIADO;0
1;ABIERTO;24;PRUEBAS QA IKATECH ;PRUEBAS QA IKATECH ;NATALYC;2023-12-21 14:40:33;En cobertura;EMERGENCIA;CANCELADA;HOGAR IKATECH;SERVICIOS IKATECH SOLUCTIONS;IKATECH SOLUTIONS;IKATECH SOLUTIONS;3;SOPQA;APP;;;2023-12-21 14:41:55;CLIENTE NO ACEPTA EL PROVEEDOR ENVIADO;0
1;ABIERTO;30;PRUEBAS QA IKATECH ;PRUEBAS QA IKATECH ;NATALYC;2023-12-22 15:21:59;En cobertura;EMERGENCIA;CANCELADA;HOGAR IKATECH;SERVICIOS IKATECH SOLUCTIONS;IKATECH SOLUTIONS;IKATECH SOLUTIONS;2;NATALYC;MANUAL;;;2023-12-22 15:24:22;CLIENTE NO ACEPTA EL PROVEEDOR ENVIADO;0
1;ABIERTO;1;PRUEBAS QA IKATECH ;PRUEBAS QA IKATECH ;NATALYC;2023-12-20 15:22:10;En cobertura;EMERGENCIA;CANCELADA;HOGAR IKATECH;SERVICIOS IKATECH SOLUCTIONS;IKATECH SOLUTIONS;IKATECH SOLUTIONS;2;NATALYC;ANCLAJE;;;2023-12-20 15:23:11;CLIENTE NO ACEPTA EL PROVEEDOR ENVIADO;0
1;ABIERTO;22;PRUEBAS QA IKATECH ;PRUEBAS QA IKATECH ;NATALYC;2023-12-21 12:49:33;En cobertura;EMERGENCIA;CANCELADA;HOGAR IKATECH;SERVICIOS IKATECH SOLUCTIONS;IKATECH SOLUTIONS;IKATECH SOLUTIONS;3;SOPQA;APP;;;2023-12-21 14:26:08;CLIENTE NO ACEPTA EL PROVEEDOR ENVIADO;0
1;ABIERTO;21;PRUEBAS QA IKATECH ;PRUEBAS QA IKATECH ;NATALYC;2023-12-21 12:34:09;En cobertura;EMERGENCIA;CANCELADA;HOGAR IKATECH;SERVICIOS IKATECH SOLUCTIONS;IKATECH SOLUTIONS;IKATECH SOLUTIONS;3;NATALYC;MANUAL;;;2023-12-21 12:36:51;CLIENTE NO ACEPTA EL PROVEEDOR ENVIADO;0
1;ABIERTO;40;PRUEBAS QA IKATECH ;PRUEBAS QA IKATECH ;NATALYC;2023-12-22 16:43:58;En cobertura;EMERGENCIA;CANCELADA;HOGAR IKATECH;SERVICIOS IKATECH SOLUCTIONS;IKATECH SOLUTIONS;IKATECH SOLUTIONS;3;NATALYC;MANUAL;;;2023-12-22 16:55:51;CLIENTE NO ACEPTA EL PROVEEDOR ENVIADO;0
1;ABIERTO;7;PRUEBAS QA IKATECH ;PRUEBAS QA IKATECH ;NATALYC;2023-12-20 15:45:22;En cobertura;EMERGENCIA;CANCELADA;HOGAR IKATECH;SERVICIOS IKATECH SOLUCTIONS;IKATECH SOLUTIONS;IKATECH SOLUTIONS;3;NATALYC;ANCLAJE;;;2023-12-20 15:46:08;CLIENTE NO ACEPTA EL PROVEEDOR ENVIADO;0
1;ABIERTO;31;PRUEBAS QA IKATECH ;PRUEBAS QA IKATECH ;NATALYC;2023-12-22 15:25:41;En cobertura;EMERGENCIA;CANCELADA;HOGAR IKATECH;SERVICIOS IKATECH SOLUCTIONS;IKATECH SOLUTIONS;IKATECH SOLUTIONS;4;SOPQA;APP;;;2023-12-22 15:32:17;CLIENTE NO ACEPTA EL PROVEEDOR ENVIADO;0
1;ABIERTO;31;PRUEBAS QA IKATECH ;PRUEBAS QA IKATECH ;NATALYC;2023-12-22 15:25:41;En cobertura;EMERGENCIA;CANCELADA;HOGAR IKATECH;SERVICIOS IKATECH SOLUCTIONS;IKATECH SOLUTIONS;IKATECH SOLUTIONS;4;NATALYC;MANUAL;;;2023-12-22 15:32:17;CLIENTE NO ACEPTA EL PROVEEDOR ENVIADO;0
1;ABIERTO;9;PRUEBAS QA IKATECH ;PRUEBAS QA IKATECH ;NATALYC;2023-12-20 17:15:36;En cobertura;EMERGENCIA;CANCELADA;HOGAR IKATECH;SERVICIOS IKATECH SOLUCTIONS;IKATECH SOLUTIONS;IKATECH SOLUTIONS;4;SOPIKA;APP;;;2023-12-21 11:09:04;CLIENTE NO ACEPTA EL PROVEEDOR ENVIADO;0
1;ABIERTO;9;PRUEBAS QA IKATECH ;PRUEBAS QA IKATECH ;NATALYC;2023-12-20 17:15:36;En cobertura;EMERGENCIA;CANCELADA;HOGAR IKATECH;SERVICIOS IKATECH SOLUCTIONS;IKATECH SOLUTIONS;IKATECH SOLUTIONS;4;SOPIKA;APP;;;2023-12-21 11:09:04;CLIENTE NO ACEPTA EL PROVEEDOR ENVIADO;0
1;ABIERTO;9;PRUEBAS QA IKATECH ;PRUEBAS QA IKATECH ;NATALYC;2023-12-20 17:15:36;En cobertura;EMERGENCIA;CANCELADA;HOGAR IKATECH;SERVICIOS IKATECH SOLUCTIONS;IKATECH SOLUTIONS;IKATECH SOLUTIONS;4;NATALYC;MANUAL;;;2023-12-21 11:09:04;CLIENTE NO ACEPTA EL PROVEEDOR ENVIADO;0
1;ABIERTO;6;PRUEBAS QA IKATECH ;PRUEBAS QA IKATECH ;NATALYC;2023-12-20 15:43:48;En cobertura;EMERGENCIA;CANCELADA;HOGAR IKATECH;SERVICIOS IKATECH SOLUCTIONS;IKATECH SOLUTIONS;IKATECH SOLUTIONS;4;NATALYC;ANCLAJE;;;2023-12-20 15:44:44;CLIENTE NO ACEPTA EL PROVEEDOR ENVIADO;0
1;ABIERTO;8;PRUEBAS QA IKATECH ;PRUEBAS QA IKATECH ;NATALYC;2023-12-20 15:48:22;En cobertura;EMERGENCIA;CANCELADA;VEHICULAR IKATECH;SERVICIOS IKATECH SOLUCTIONS;IKATECH SOLUTIONS;IKATECH SOLUTIONS;5;NATALYC;ANCLAJE;;;2023-12-20 15:49:30;CLIENTE NO ACEPTA EL PROVEEDOR ENVIADO;0
1;ABIERTO;37;PRUEBAS QA IKATECH ;PRUEBAS QA IKATECH ;NATALYC;2023-12-22 16:22:19;En cobertura;PROGRAMADA;CANCELADA;HOGAR IKATECH;SERVICIOS IKATECH SOLUCTIONS;IKATECH SOLUTIONS;IKATECH SOLUTIONS;5;SOPQA;APP;;;2023-12-22 16:27:59;CLIENTE NO ACEPTA EL PROVEEDOR ENVIADO;0
6;ABIERTO;25;ikatech solutions ;ikatech solutions ;NATALYC;2023-12-21 15:44:52;En cobertura;EMERGENCIA;CANCELADA;HOGAR IKATECH;SERVICIOS IKATECH SOLUCTIONS;IKATECH SOLUTIONS;IKATECH SOLUTIONS;6;NATALYC;ANCLAJE;;;2023-12-21 16:35:57;CLIENTE NO ACEPTA EL PROVEEDOR ENVIADO;0
1;ABIERTO;35;PRUEBAS QA IKATECH ;PRUEBAS QA IKATECH ;NATALYC;2023-12-22 15:55:20;En cobertura;EMERGENCIA;CANCELADA;HOGAR IKATECH;SERVICIOS IKATECH SOLUCTIONS;IKATECH SOLUTIONS;IKATECH SOLUTIONS;6;SOPQA;APP;;;2023-12-22 16:13:41;CLIENTE NO ACEPTA EL PROVEEDOR ENVIADO;0
1;ABIERTO;45;PRUEBAS QA IKATECH ;PRUEBAS QA IKATECH ;NATALYC;2023-12-22 17:45:33;En cobertura;EMERGENCIA;CANCELADA;HOGAR IKATECH;SERVICIOS IKATECH SOLUCTIONS;IKATECH SOLUTIONS;IKATECH SOLUTIONS;9;IKATEST;APP;;;2023-12-22 17:50:08;CLIENTE NO ACEPTA EL PROVEEDOR ENVIADO;0
1;ABIERTO;42;PRUEBAS QA IKATECH ;PRUEBAS QA IKATECH ;NATALYC;2023-12-22 16:56:24;En cobertura;EMERGENCIA;CANCELADA;HOGAR IKATECH;SERVICIOS IKATECH SOLUCTIONS;IKATECH SOLUTIONS;IKATECH SOLUTIONS;8;SOPQA;APP;;;2023-12-22 17:04:40;CLIENTE NO ACEPTA EL PROVEEDOR ENVIADO;0
26;CERRADO;85;TEST UNO QA ;TEST UNO QA ;PRUEBASIKA1;2025-02-04 12:06:11;En cobertura;EMERGENCIA;CANCELADA;VEHICULAR IKATECH;SERVICIOS IKATECH SOLUCTIONS;IKATECH SOLUTIONS;IKATECH SOLUTIONS;2;PRUEBASIKA1;MANUAL;;;2025-02-04 12:13:05;CLIENTE NO PUEDE ESPERAR AL PROVEEDOR DESPUES DEL TEAM;0
9;CERRADO;62;AFILPRNG PRUEBA ;AFILPRNG PRUEBA ;userapp;2024-01-09 11:44:51;En cobertura;EMERGENCIA;CANCELADA;PLANSER PRUEBA VEHICLE;SERVICE PRUEBA VEHICLE;PLAN PRUEBA NG;QAPRUEBA;3;NATALYC;ANCLAJE;;;2024-01-09 11:49:12;SERVICIO DE PRUEBA;0
9;CERRADO;61;AFILPRNG PRUEBA ;AFILPRNG PRUEBA ;userapp;2024-01-09 11:20:27;En cobertura;PROGRAMADA;CANCELADA;PLANSER PRUEBA VEHICLE;SERVICE PRUEBA VEHICLE;PLAN PRUEBA NG;QAPRUEBA;5;NATALYC;ANCLAJE;;;2024-01-09 11:35:31;SERVICIO DE PRUEBA;0
14;CERRADO;78;LUIS FERNANDO POSSO GALEANO;LUIS FERNANDO POSSO GALEANO;DPOSSO;2024-08-15 16:28:09;En cobertura;EMERGENCIA;CANCELADA;REMOLQUE;VEHICULAR - REMOLQUE VEHICULAR;ASISTENCIA VIAL HONDA;ASISTENCIA HONDA;7;DPOSSO;MANUAL;;;2024-12-02 17:07:05;SERVICIO DE PRUEBA;0
14;CERRADO;76;LUIS FERNANDO POSSO GALEANO;LUIS FERNANDO POSSO GALEANO;DPOSSO;2024-08-15 15:08:49;En cobertura;EMERGENCIA;CANCELADA;REMOLQUE;VEHICULAR - REMOLQUE VEHICULAR;ASISTENCIA VIAL HONDA;ASISTENCIA HONDA;8;DPOSSO;MANUAL;;;2024-08-15 16:27:24;SERVICIO DE PRUEBA;0
16;CERRADO;79;LUIS CALLE ENCUESTAS;LUIS CALLE ENCUESTAS;DPOSSO;2024-09-13 16:39:38;En cobertura;PROGRAMADA;CANCELADA;ASISTENCIA MEDICA TELEFONICA;MEDICA - CONSULTA MEDICA TELEFONICA;PAM;SEGUROS AMERICA;10;DPOSSO;ANCLAJE APP SOA;;;2024-09-13 16:41:08;SERVICIO DE PRUEBA;0
13;CERRADO;75;qa qa ;qa qa ;NATALYC;2024-05-24 11:22:34;En cobertura;EMERGENCIA;CANCELADA;HOGAR IKATECH;SERVICIOS IKATECH SOLUCTIONS;IKATECH SOLUTIONS;IKATECH SOLUTIONS;2;;;;;2024-09-19 16:33:24;CLIENTE INACTIVO;0
1;ABIERTO;44;PRUEBAS QA IKATECH ;PRUEBAS QA IKATECH ;NATALYC;2023-12-22 17:28:12;En cobertura;EMERGENCIA;CANCELADA;HOGAR IKATECH;SERVICIOS IKATECH SOLUCTIONS;IKATECH SOLUTIONS;IKATECH SOLUTIONS;2;;;;;2023-12-22 17:28:54;CLIENTE INACTIVO;0
1;ABIERTO;23;PRUEBAS QA IKATECH ;PRUEBAS QA IKATECH ;NATALYC;2023-12-21 14:39:03;En cobertura;EMERGENCIA;CANCELADA;HOGAR IKATECH;SERVICIOS IKATECH SOLUCTIONS;IKATECH SOLUTIONS;IKATECH SOLUTIONS;2;;;;;2023-12-21 14:39:22;CLIENTE INACTIVO;0
1;ABIERTO;36;PRUEBAS QA IKATECH ;PRUEBAS QA IKATECH ;NATALYC;2023-12-22 16:21:21;En cobertura;EMERGENCIA;CANCELADA;HOGAR IKATECH;SERVICIOS IKATECH SOLUCTIONS;IKATECH SOLUTIONS;IKATECH SOLUTIONS;2;;;;;2023-12-22 16:21:44;CLIENTE INACTIVO;0
21;CERRADO;80;LEANDRA AMANDA OBREGON RIVERA ;LEANDRA AMANDA OBREGON RIVERA ;MGARZARO;2024-10-01 14:05:11;En cobertura;PROGRAMADA;CANCELADA;MEDICA GENERAL CITA EN CONSULTORIO;MEDICA - PRESTACION MEDICA EN CONSULTORIO(CONTROL CITAS);PAM;SEGUROS AMERICA;2;;;;;2024-10-12 18:16:00;CLIENTE INACTIVO;0
15;CERRADO;77;PRUEBA prueba ;PRUEBA prueba ;NATALYC;2024-08-15 16:24:14;En cobertura;EMERGENCIA;CANCELADA;HOGAR IKATECH;SERVICIOS IKATECH SOLUCTIONS;IKATECH SOLUTIONS;IKATECH SOLUTIONS;2;;;;;2024-08-15 16:24:27;CLIENTE INACTIVO;0
24;CERRADO;82;RICARDO JAVIERN MANZANAR ;RICARDO JAVIERN DAVILA MANZANARES ;MGARZARO;2024-10-30 09:23:52;En cobertura;PROGRAMADA;CANCELADA;MEDICA ODONTOLOGICA EN CONSULTORIO PARA EXTRACCION SIMPLE;MEDICA - ASISTENCIA ODONTOLOGICA PARA EXTRACCION SIMPLE;PAM;SEGUROS AMERICA;2;;;;;2024-10-30 15:13:11;CLIENTE SOLUCIONÓ LA EMERGENCIA ANTES DE ASIGNAR POR DEMORA EN ASIGNAR;0
22;CERRADO;81;lester francisco rivas padilla;lester francisco rivas padilla;CDVIEYRA;2024-10-09 17:05:04;En cobertura;PROGRAMADA;CANCELADA;MEDICA ODONTOLOGICA EN CONSULTORIO PARA EXTRACCION SIMPLE;MEDICA - ASISTENCIA ODONTOLOGICA PARA EXTRACCION SIMPLE;PAM;SEGUROS AMERICA;2;;;;;2024-10-09 17:30:20;SERVICIO FUERA DE COBERTURA;0
9;CERRADO;70;AFILPRNG PRUEBA ;AFILPRNG PRUEBA ;NATALYC;2024-01-09 17:34:37;En cobertura;PROGRAMADA;CANCELADA;PLANSER PRUEBA VEHICLE;SERVICE PRUEBA VEHICLE;PLAN PRUEBA NG;QAPRUEBA;2;;;;;2024-01-09 20:05:43;SERVICIO DE PRUEBA;0
12;CERRADO;74;qa qa ;qa qa ;pruebas-qa;2024-05-24 11:08:10;En cobertura;EMERGENCIA;CANCELADA;VEHICULAR IKATECH;SERVICIOS IKATECH SOLUCTIONS;IKATECH SOLUTIONS;IKATECH SOLUTIONS;2;;;;;2024-12-02 17:04:50;SERVICIO DE PRUEBA;0
8;CERRADO;56;AFILPRNG PRUEBA ;AFILPRNG PRUEBA ;NATALYC;2023-12-29 15:25:56;En cobertura;PROGRAMADA;CANCELADA;PLANSER PRUEBA VIDEOLLAMADA;SERVICE PRUEBA HOGAR;PLAN PRUEBA NG;QAPRUEBA;2;;;;;2023-12-29 15:48:28;SERVICIO DE PRUEBA;0
10;CERRADO;71;DIEGO FERNANDO POSSO;DIEGO FERNANDO POSSO;DPOSSO;2024-02-05 16:52:39;En cobertura;EMERGENCIA;CANCELADA;REMOLQUE;VEHICULAR - REMOLQUE VEHICULAR;ASISTENCIA VIAL HONDA;ASISTENCIA HONDA;10;DPOSSO;MANUAL;;;2024-08-15 16:08:47;SERVICIO DE PRUEBA;0
8;CERRADO;52;AFILPRNG PRUEBA ;AFILPRNG PRUEBA ;userapp;2023-12-29 14:24:57;En cobertura;PROGRAMADA;CANCELADA;PLANSER PRUEBA HOME;SERVICE PRUEBA HOGAR;PLAN PRUEBA NG;QAPRUEBA;3;NATALYC;ANCLAJE;;;2023-12-29 14:56:52;PROVEEDOR INACTIVO;0
9;CERRADO;61;AFILPRNG PRUEBA ;AFILPRNG PRUEBA ;userapp;2024-01-09 11:20:27;En cobertura;PROGRAMADA;CANCELADA;PLANSER PRUEBA VEHICLE;SERVICE PRUEBA VEHICLE;PLAN PRUEBA NG;QAPRUEBA;5;NATALYC;ANCLAJE;;;2024-01-09 11:35:31;PROVEEDOR INCOMUNICADO;0
25;ABIERTO;83;PRUEBA NO CERRAR ;PRUEBA NO CERRAR ;DACORTES;2025-01-29 11:04:07;En cobertura;EMERGENCIA;PROCESO;REMOLQUE;VEHICULAR - REMOLQUE VEHICULAR;ASISTENCIA VIAL HONDA;ASISTENCIA HONDA;2;;;;;;;0
9;CERRADO;69;AFILPRNG PRUEBA ;AFILPRNG PRUEBA ;NATALYC;2024-01-09 14:30:04;En cobertura;PROGRAMADA;CANCELADA;PLANSER PRUEBA VEHICLE;SERVICE PRUEBA VEHICLE;PLAN PRUEBA NG;QAPRUEBA;3;NATALYC;MANUAL;;;2024-01-09 14:47:19;;0
9;CERRADO;68;AFILPRNG PRUEBA ;AFILPRNG PRUEBA ;userapp;2024-01-09 14:14:04;En cobertura;EMERGENCIA;CONCLUIDA;PLANSER PRUEBA HOME;SERVICE PRUEBA HOGAR;PLAN PRUEBA NG;QAPRUEBA;10;NATALYC;ANCLAJE;;;;;0
9;CERRADO;67;AFILPRNG PRUEBA ;AFILPRNG PRUEBA ;NATALYC;2024-01-09 12:38:57;En cobertura;PROGRAMADA;CONCLUIDA;PLANSER PRUEBA VIDEOLLAMADA;SERVICE PRUEBA HOGAR;PLAN PRUEBA NG;QAPRUEBA;10;PVPRNG;APP;;2024-01-09 13:30:56;;;0
9;CERRADO;66;AFILPRNG PRUEBA ;AFILPRNG PRUEBA ;NATALYC;2024-01-09 12:36:13;En cobertura;PROGRAMADA;CONCLUIDA;PLANSER PRUEBA HOME;SERVICE PRUEBA HOGAR;PLAN PRUEBA NG;QAPRUEBA;10;PVPRNG;APP;;2024-01-09 12:37:59;;;0
11;CERRADO;73;PRUEBAS PRUEBAS ;PRUEBAS PRUEBAS ;NATALYC;2024-04-23 12:06:45;En cobertura;EMERGENCIA;CONCLUIDA;HOGAR IKATECH;SERVICIOS IKATECH SOLUCTIONS;IKATECH SOLUTIONS;IKATECH SOLUTIONS;10;NATALYC;MANUAL;2024-04-23 13:27:47;2024-04-23 12:28:54;;;0
9;CERRADO;65;AFILPRNG PRUEBA ;AFILPRNG PRUEBA ;NATALYC;2024-01-09 12:32:25;En cobertura;EMERGENCIA;CONCLUIDA;PLANSER PRUEBA VEHICLE;SERVICE PRUEBA VEHICLE;PLAN PRUEBA NG;QAPRUEBA;10;PVPRNG;APP;;2024-01-09 12:35:16;;;0
9;CERRADO;60;AFILPRNG PRUEBA ;AFILPRNG PRUEBA ;NATALYC;2024-01-09 10:56:20;En cobertura;PROGRAMADA;CONCLUIDA;PLANSER PRUEBA HOME;SERVICE PRUEBA HOGAR;PLAN PRUEBA NG;QAPRUEBA;10;PVCONTNG;APP;;2024-01-09 11:17:32;;;0
9;CERRADO;72;AFILPRNG PRUEBA ;AFILPRNG PRUEBA ;NATALYC;2024-04-22 17:56:01;En cobertura;EMERGENCIA;CONCLUIDA;PLANSER PRUEBA VEHICLE;SERVICE PRUEBA VEHICLE;PLAN PRUEBA NG;QAPRUEBA;10;NATALYC;MANUAL;2024-04-22 18:57:54;2024-04-22 17:58:17;;;0
9;CERRADO;59;AFILPRNG PRUEBA ;AFILPRNG PRUEBA ;NATALYC;2024-01-09 10:28:02;En cobertura;PROGRAMADA;CONCLUIDA;PLANSER PRUEBA VEHICLE;SERVICE PRUEBA VEHICLE;PLAN PRUEBA NG;QAPRUEBA;10;NATALYC;ANCLAJE;;2024-01-09 10:51:04;;;0
9;CERRADO;63;AFILPRNG PRUEBA ;AFILPRNG PRUEBA ;NATALYC;2024-01-09 11:53:05;En cobertura;PROGRAMADA;CONCLUIDA;PLANSER PRUEBA VIDEOLLAMADA;SERVICE PRUEBA HOGAR;PLAN PRUEBA NG;QAPRUEBA;10;PVCONTNG;APP;;2024-01-09 12:16:16;;;0
9;CERRADO;59;AFILPRNG PRUEBA ;AFILPRNG PRUEBA ;NATALYC;2024-01-09 10:28:02;En cobertura;PROGRAMADA;CONCLUIDA;PLANSER PRUEBA VEHICLE;SERVICE PRUEBA VEHICLE;PLAN PRUEBA NG;QAPRUEBA;10;PVPRNG;APP;;2024-01-09 10:51:04;;;0
9;CERRADO;58;AFILPRNG PRUEBA ;AFILPRNG PRUEBA ;NATALYC;2024-01-09 10:03:26;En cobertura;EMERGENCIA;CONCLUIDA;PLANSER PRUEBA VEHICLE;SERVICE PRUEBA VEHICLE;PLAN PRUEBA NG;QAPRUEBA;10;PVCONTNG;APP;;2024-01-09 11:36:23;;;0
8;CERRADO;57;AFILPRNG PRUEBA ;AFILPRNG PRUEBA ;NATALYC;2023-12-29 15:58:47;En cobertura;PROGRAMADA;CONCLUIDA;PLANSER PRUEBA VIDEOLLAMADA;SERVICE PRUEBA HOGAR;PLAN PRUEBA NG;QAPRUEBA;10;NATALYC;ANCLAJE;;2023-12-29 16:01:38;;;0
1;ABIERTO;34;PRUEBAS QA IKATECH ;PRUEBAS QA IKATECH ;NATALYC;2023-12-22 15:50:57;En cobertura;EMERGENCIA;CONCLUIDA;HOGAR IKATECH;SERVICIOS IKATECH SOLUCTIONS;IKATECH SOLUTIONS;IKATECH SOLUTIONS;10;SOPQA;APP;;2023-12-22 16:12:55;;;0
1;ABIERTO;34;PRUEBAS QA IKATECH ;PRUEBAS QA IKATECH ;NATALYC;2023-12-22 15:50:57;En cobertura;EMERGENCIA;CONCLUIDA;HOGAR IKATECH;SERVICIOS IKATECH SOLUCTIONS;IKATECH SOLUTIONS;IKATECH SOLUTIONS;10;SOPQA;APP;;2023-12-22 16:12:55;;;0
8;CERRADO;55;AFILPRNG PRUEBA ;AFILPRNG PRUEBA ;NATALYC;2023-12-29 15:19:04;En cobertura;PROGRAMADA;CONCLUIDA;PLANSER PRUEBA VIDEOLLAMADA;SERVICE PRUEBA HOGAR;PLAN PRUEBA NG;QAPRUEBA;10;PVPRNG;APP;;2023-12-29 15:24:34;;;0
8;CERRADO;54;AFILPRNG PRUEBA ;AFILPRNG PRUEBA ;NATALYC;2023-12-29 15:07:40;En cobertura;PROGRAMADA;CONCLUIDA;PLANSER PRUEBA VIDEOLLAMADA;SERVICE PRUEBA HOGAR;PLAN PRUEBA NG;QAPRUEBA;10;PVCONTNG;APP;;2023-12-29 15:18:36;;;0
8;CERRADO;49;AFILPRNG PRUEBA ;AFILPRNG PRUEBA ;NATALYC;2023-12-29 13:04:13;En cobertura;EMERGENCIA;CANCELADA;PLANSER PRUEBA VEHICLE;SERVICE PRUEBA VEHICLE;PLAN PRUEBA NG;QAPRUEBA;7;PVCONTNG;APP;;;2023-12-29 14:56:43;;0
1;ABIERTO;33;PRUEBAS QA IKATECH ;PRUEBAS QA IKATECH ;NATALYC;2023-12-22 15:48:12;En cobertura;EMERGENCIA;CONCLUIDA;HOGAR IKATECH;SERVICIOS IKATECH SOLUCTIONS;IKATECH SOLUTIONS;IKATECH SOLUTIONS;10;SOPQA;APP;;2023-12-22 15:50:24;;;0
1;ABIERTO;28;PRUEBAS QA IKATECH ;PRUEBAS QA IKATECH ;NATALYC;2023-12-22 14:16:25;En cobertura;EMERGENCIA;CONCLUIDA;HOGAR IKATECH;SERVICIOS IKATECH SOLUCTIONS;IKATECH SOLUTIONS;IKATECH SOLUTIONS;10;NATALYC;MANUAL;;2023-12-22 14:59:11;;;0
8;CERRADO;51;AFILPRNG PRUEBA ;AFILPRNG PRUEBA ;NATALYC;2023-12-29 14:03:15;En cobertura;PROGRAMADA;CONCLUIDA;PLANSER PRUEBA VEHICLE;SERVICE PRUEBA VEHICLE;PLAN PRUEBA NG;QAPRUEBA;10;PVPRNG;APP;;2023-12-29 14:11:39;;;0
8;CERRADO;53;AFILPRNG PRUEBA ;AFILPRNG PRUEBA ;userapp;2023-12-29 14:48:55;En cobertura;EMERGENCIA;CONCLUIDA;PLANSER PRUEBA HOME;SERVICE PRUEBA HOGAR;PLAN PRUEBA NG;QAPRUEBA;10;PVCONTNG;APP;;;;;0
8;CERRADO;50;AFILPRNG PRUEBA ;AFILPRNG PRUEBA ;NATALYC;2023-12-29 13:39:15;En cobertura;PROGRAMADA;CONCLUIDA;PLANSER PRUEBA VEHICLE;SERVICE PRUEBA VEHICLE;PLAN PRUEBA NG;QAPRUEBA;10;NATALYC;ANCLAJE;;;;;0
8;CERRADO;50;AFILPRNG PRUEBA ;AFILPRNG PRUEBA ;NATALYC;2023-12-29 13:39:15;En cobertura;PROGRAMADA;CONCLUIDA;PLANSER PRUEBA VEHICLE;SERVICE PRUEBA VEHICLE;PLAN PRUEBA NG;QAPRUEBA;10;PVPRNG;APP;;;;;0
1;ABIERTO;14;PRUEBAS QA IKATECH ;PRUEBAS QA IKATECH ;NATALYC;2023-12-21 11:15:21;En cobertura;EMERGENCIA;CONCLUIDA;HOGAR IKATECH;SERVICIOS IKATECH SOLUCTIONS;IKATECH SOLUTIONS;IKATECH SOLUTIONS;10;SOPIKA;APP;;2023-12-21 11:20:22;;;0
1;ABIERTO;13;PRUEBAS QA IKATECH ;PRUEBAS QA IKATECH ;NATALYC;2023-12-21 11:11:17;En cobertura;EMERGENCIA;CONCLUIDA;HOGAR IKATECH;SERVICIOS IKATECH SOLUCTIONS;IKATECH SOLUTIONS;IKATECH SOLUTIONS;10;SOPIKA;APP;;2023-12-21 11:14:59;;;0
1;ABIERTO;47;PRUEBAS QA IKATECH ;PRUEBAS QA IKATECH ;NATALYC;2023-12-22 17:52:09;En cobertura;EMERGENCIA;CONCLUIDA;HOGAR IKATECH;SERVICIOS IKATECH SOLUCTIONS;IKATECH SOLUTIONS;IKATECH SOLUTIONS;10;IKATEST;APP;;2023-12-22 17:55:28;;;0
1;ABIERTO;20;PRUEBAS QA IKATECH ;PRUEBAS QA IKATECH ;NATALYC;2023-12-21 12:26:31;En cobertura;EMERGENCIA;CONCLUIDA;VEHICULAR IKATECH;SERVICIOS IKATECH SOLUCTIONS;IKATECH SOLUTIONS;IKATECH SOLUTIONS;10;NATALYC;MANUAL;;2023-12-21 12:28:22;;;0
1;ABIERTO;48;PRUEBAS QA IKATECH ;PRUEBAS QA IKATECH ;NATALYC;2023-12-22 17:55:49;En cobertura;EMERGENCIA;CONCLUIDA;HOGAR IKATECH;SERVICIOS IKATECH SOLUCTIONS;IKATECH SOLUTIONS;IKATECH SOLUTIONS;10;IKATEST;APP;;2023-12-22 17:58:35;;;0
1;ABIERTO;10;PRUEBAS QA IKATECH ;PRUEBAS QA IKATECH ;NATALYC;2023-12-21 08:37:48;En cobertura;EMERGENCIA;CONCLUIDA;HOGAR IKATECH;SERVICIOS IKATECH SOLUCTIONS;IKATECH SOLUTIONS;IKATECH SOLUTIONS;10;SOPIKA;APP;;2023-12-21 10:28:26;;;0
1;ABIERTO;19;PRUEBAS QA IKATECH ;PRUEBAS QA IKATECH ;NATALYC;2023-12-21 12:19:11;En cobertura;EMERGENCIA;CONCLUIDA;VEHICULAR IKATECH;SERVICIOS IKATECH SOLUCTIONS;IKATECH SOLUTIONS;IKATECH SOLUTIONS;10;NATALYC;MANUAL;;2023-12-21 12:25:29;;;0
1;ABIERTO;11;PRUEBAS QA IKATECH ;PRUEBAS QA IKATECH ;NATALYC;2023-12-21 08:44:00;En cobertura;EMERGENCIA;CONCLUIDA;HOGAR IKATECH;SERVICIOS IKATECH SOLUCTIONS;IKATECH SOLUTIONS;IKATECH SOLUTIONS;10;SOPIKA;APP;;2023-12-21 10:18:16;;;0
1;ABIERTO;29;PRUEBAS QA IKATECH ;PRUEBAS QA IKATECH ;NATALYC;2023-12-22 15:14:28;En cobertura;EMERGENCIA;CONCLUIDA;HOGAR IKATECH;SERVICIOS IKATECH SOLUCTIONS;IKATECH SOLUTIONS;IKATECH SOLUTIONS;10;NATALYC;MANUAL;;2023-12-22 15:21:16;;;0
1;ABIERTO;41;PRUEBAS QA IKATECH ;PRUEBAS QA IKATECH ;NATALYC;2023-12-22 16:48:18;En cobertura;EMERGENCIA;CONCLUIDA;HOGAR IKATECH;SERVICIOS IKATECH SOLUCTIONS;IKATECH SOLUTIONS;IKATECH SOLUTIONS;10;NATALYC;MANUAL;;2023-12-22 16:54:12;;;0
1;ABIERTO;12;PRUEBAS QA IKATECH ;PRUEBAS QA IKATECH ;NATALYC;2023-12-21 09:20:54;En garantia;PROGRAMADA;CONCLUIDA;HOGAR IKATECH;SERVICIOS IKATECH SOLUCTIONS;IKATECH SOLUTIONS;IKATECH SOLUTIONS;10;SOPIKA;APP;;2023-12-21 10:03:14;;;0
1;ABIERTO;43;PRUEBAS QA IKATECH ;PRUEBAS QA IKATECH ;NATALYC;2023-12-22 17:19:06;En cobertura;EMERGENCIA;CONCLUIDA;HOGAR IKATECH;SERVICIOS IKATECH SOLUCTIONS;IKATECH SOLUTIONS;IKATECH SOLUTIONS;10;SOPQA;APP;;2023-12-22 17:22:30;;;0
1;ABIERTO;39;PRUEBAS QA IKATECH ;PRUEBAS QA IKATECH ;NATALYC;2023-12-22 16:40:34;En cobertura;EMERGENCIA;CONCLUIDA;HOGAR IKATECH;SERVICIOS IKATECH SOLUCTIONS;IKATECH SOLUTIONS;IKATECH SOLUTIONS;10;SOPQA;APP;;2023-12-22 16:45:57;;;0
1;ABIERTO;17;PRUEBAS QA IKATECH ;PRUEBAS QA IKATECH ;NATALYC;2023-12-21 12:11:00;En cobertura;EMERGENCIA;CONCLUIDA;HOGAR IKATECH;SERVICIOS IKATECH SOLUCTIONS;IKATECH SOLUTIONS;IKATECH SOLUTIONS;10;NATALYC;MANUAL;;2023-12-21 12:17:47;;;0
1;ABIERTO;29;PRUEBAS QA IKATECH ;PRUEBAS QA IKATECH ;NATALYC;2023-12-22 15:14:28;En cobertura;EMERGENCIA;CONCLUIDA;HOGAR IKATECH;SERVICIOS IKATECH SOLUCTIONS;IKATECH SOLUTIONS;IKATECH SOLUTIONS;10;NATALYC;MANUAL;;2023-12-22 15:21:16;;;0
1;ABIERTO;46;PRUEBAS QA IKATECH ;PRUEBAS QA IKATECH ;NATALYC;2023-12-22 17:50:30;En cobertura;EMERGENCIA;CONCLUIDA;HOGAR IKATECH;SERVICIOS IKATECH SOLUCTIONS;IKATECH SOLUTIONS;IKATECH SOLUTIONS;10;IKATEST;APP;;2023-12-22 17:51:49;;;0
1;ABIERTO;5;PRUEBAS QA IKATECH ;PRUEBAS QA IKATECH ;NATALYC;2023-12-20 15:40:15;En cobertura;EMERGENCIA;CONCLUIDA;HOGAR IKATECH;SERVICIOS IKATECH SOLUCTIONS;IKATECH SOLUTIONS;IKATECH SOLUTIONS;10;NATALYC;ANCLAJE;;2023-12-20 15:43:23;;;0
1;ABIERTO;18;PRUEBAS QA IKATECH ;PRUEBAS QA IKATECH ;NATALYC;2023-12-21 12:11:39;En cobertura;EMERGENCIA;CONCLUIDA;HOGAR IKATECH;SERVICIOS IKATECH SOLUCTIONS;IKATECH SOLUTIONS;IKATECH SOLUTIONS;10;NATALYC;MANUAL;;2023-12-21 12:13:47;;;0
1;ABIERTO;38;PRUEBAS QA IKATECH ;PRUEBAS QA IKATECH ;NATALYC;2023-12-22 16:32:05;En cobertura;EMERGENCIA;CONCLUIDA;HOGAR IKATECH;SERVICIOS IKATECH SOLUCTIONS;IKATECH SOLUTIONS;IKATECH SOLUTIONS;10;NATALYC;MANUAL;;2023-12-22 16:43:18;;;0
1;ABIERTO;4;PRUEBAS QA IKATECH ;PRUEBAS QA IKATECH ;NATALYC;2023-12-20 15:36:40;En cobertura;EMERGENCIA;CONCLUIDA;VEHICULAR IKATECH;SERVICIOS IKATECH SOLUCTIONS;IKATECH SOLUTIONS;IKATECH SOLUTIONS;10;NATALYC;ANCLAJE;;2023-12-20 15:39:38;;;0
2;ABIERTO;16;LILIANA RAMIREZ ;LILIANA RAMIREZ ;NATALYC;2023-12-21 11:30:55;En cobertura;EMERGENCIA;CONCLUIDA;HOGAR IKATECH;SERVICIOS IKATECH SOLUCTIONS;IKATECH SOLUTIONS;IKATECH SOLUTIONS;10;NATALYC;MANUAL;;2023-12-21 12:03:04;;;0
1;ABIERTO;3;PRUEBAS QA IKATECH ;PRUEBAS QA IKATECH ;NATALYC;2023-12-20 15:33:14;En cobertura;EMERGENCIA;CONCLUIDA;HOGAR IKATECH;SERVICIOS IKATECH SOLUCTIONS;IKATECH SOLUTIONS;IKATECH SOLUTIONS;10;NATALYC;ANCLAJE;;2023-12-20 15:35:36;;;0
2;ABIERTO;16;LILIANA RAMIREZ ;LILIANA RAMIREZ ;NATALYC;2023-12-21 11:30:55;En cobertura;EMERGENCIA;CONCLUIDA;HOGAR IKATECH;SERVICIOS IKATECH SOLUCTIONS;IKATECH SOLUTIONS;IKATECH SOLUTIONS;10;NATALYC;MANUAL;;2023-12-21 12:03:04;;;0
9;CERRADO;64;AFILPRNG PRUEBA ;AFILPRNG PRUEBA ;NATALYC;2024-01-09 12:17:06;En cobertura;PROGRAMADA;CONCLUIDA;PLANSER PRUEBA VIDEOLLAMADA;SERVICE PRUEBA HOGAR;PLAN PRUEBA NG;QAPRUEBA;10;PVPRNG;APP;;2024-01-09 12:27:57;;;0
1;ABIERTO;2;PRUEBAS QA IKATECH ;PRUEBAS QA IKATECH ;NATALYC;2023-12-20 15:26:33;En cobertura;EMERGENCIA;CONCLUIDA;VEHICULAR IKATECH;SERVICIOS IKATECH SOLUCTIONS;IKATECH SOLUTIONS;IKATECH SOLUTIONS;10;NATALYC;ANCLAJE;;2023-12-20 15:29:30;;;0
1;ABIERTO;15;PRUEBAS QA IKATECH ;PRUEBAS QA IKATECH ;NATALYC;2023-12-21 11:21:27;En cobertura;EMERGENCIA;CONCLUIDA;HOGAR IKATECH;SERVICIOS IKATECH SOLUCTIONS;IKATECH SOLUTIONS;IKATECH SOLUTIONS;10;SOPIKA;APP;;2023-12-21 11:54:20;;;0
