id_expediente;estado_expediente;id_asistencia;nombre_titular;nombre_contacto;usuario_que_apertura;creacion_asistencia;condicion_servicio;prioridad_atention;estado_asistencia;plan_servicio;servicio;plan;cuenta;etapa;usuario_que_asigna;tipo_asignacion;fecha_finalizacion_proveedor;fecha_finalizacion_asistencia;fecha_cancelacion_asistencia;justificacion_cancelacion;cantidad_llamadas
1;ABIERTO;3;PRUEBAS PRUEBAS ;PRUEBAS PRUEBAS 1;NATALYC;2024-12-13 10:33:47;In coverage;SCHEDULED;CONCLUDED;VEHICLE MECANIC TEST;IKATECH REMOLQUE VEHICULAR;PLAN SOPORTE;PRUEBAS SOPORTE;10;NATALYC;MANUAL;;2024-12-13 10:52:50;;CHANGE PROVIDERS;0
1;ABIERTO;3;PRUEBAS PRUEBAS ;PRUEBAS PRUEBAS 1;NATALYC;2024-12-13 10:33:47;In coverage;SCHEDULED;CONCLUDED;VEHICLE MECANIC TEST;IKATECH REMOLQUE VEHICULAR;PLAN SOPORTE;PRUEBAS SOPORTE;10;NATALYC;MANUAL;;2024-12-13 10:52:50;;CHANGE PROVIDERS;0
7;CERRADO;11;TEST TEST ;PRUEBA TEST QA;NATALYC;2024-12-13 14:54:51;In coverage;EMERGENCY;CANCELED;VEHICLE AMPER TEST;IKATECH REMOLQUE VEHICULAR;SOPORTE PLAN 2;CUENTA SOPORTE 2;6;CONTACTEST3;APP;;;2024-12-13 16:24:26;RECHAZO DE PRUEBA;0
7;CERRADO;18;TEST TEST ;PRUEBA TEST QA;NATALYC;2024-12-13 16:53:36;In coverage;EMERGENCY;CANCELED;VEHICLE AMPER TEST;IKATECH REMOLQUE VEHICULAR;SOPORTE PLAN 2;CUENTA SOPORTE 2;2;;;;;2024-12-13 16:57:02;RECHAZO DE PRUEBA;0
13;CERRADO;21;PRUEBA PRUEBA ;PRUEBA PRUEBA ;NATALYC;2024-12-13 17:08:14;In coverage;EMERGENCY;CANCELED;SOPORTE PLAN SERVICIOS 2;SERVICIOS SOPORTE 3;SOPORTE PLAN 2;CUENTA SOPORTE 2;2;;;;;2024-12-13 17:09:13;RECHAZO DE PRUEBA;0
10;CERRADO;15;PRUEBA QA 2 ;PRUEBA QA 2 ;NATALYC;2024-12-13 16:14:04;In coverage;EMERGENCY;CANCELED;SOPORTE PLAN SERVICIOS 2;SERVICIOS SOPORTE 3;SOPORTE PLAN 2;CUENTA SOPORTE 2;2;;;;;2024-12-13 17:09:50;RECHAZO DE PRUEBA;0
10;CERRADO;14;PRUEBA QA 2 ;PRUEBA QA 2 ;NATALYC;2024-12-13 16:13:20;In coverage;EMERGENCY;CANCELED;SOPORTE PLAN SERVICIOS 2;SERVICIOS SOPORTE 3;SOPORTE PLAN 2;CUENTA SOPORTE 2;2;;;;;2024-12-13 17:10:08;RECHAZO DE PRUEBA;0
4;CERRADO;8;PRUEBAS PRUEBAS ;PRUEBAS PRUEBAS ;NATALYC;2024-12-13 12:40:49;In coverage;EMERGENCY;CANCELED;PLAN SERVICES NEW;TEST SERVICE;SOPORTE PLAN;PRUEBAS SOPORTE;2;;;;;2024-12-13 17:28:41;RECHAZO DE PRUEBA;0
7;CERRADO;24;TEST TEST ;PRUEBA TEST QA;NATALYC;2024-12-16 09:22:15;In coverage;SCHEDULED;CANCELED;VEHICLE AMPER TEST;IKATECH REMOLQUE VEHICULAR;SOPORTE PLAN 2;CUENTA SOPORTE 2;2;NATALYC;MANUAL;;;2024-12-16 09:33:34;CANCELACION CON PROVEEDOR;0
7;CERRADO;19;TEST TEST ;PRUEBA TEST QA;NATALYC;2024-12-13 17:00:13;In coverage;SCHEDULED;CANCELED;VEHICLE AMPER TEST;IKATECH REMOLQUE VEHICULAR;SOPORTE PLAN 2;CUENTA SOPORTE 2;4;NATALYC;MANUAL;;;2024-12-16 09:33:53;CANCELACION CON PROVEEDOR;0
14;ABIERTO;26;PRUEBA PRUEBA ;PRUEBA PRUEBA ;NATALYC;2024-12-16 09:46:11;In coverage;EMERGENCY;CANCELED;Service Plan Two;TEST SERVICE;IKATECH PLAN;PRUEBAS IKATECH;2;;;;;2024-12-16 09:52:49;RECHAZO DE PRUEBA;0
14;ABIERTO;25;PRUEBA PRUEBA ;PRUEBA PRUEBA ;NATALYC;2024-12-16 09:33:35;In coverage;EMERGENCY;CANCELED;Service Plan Two;TEST SERVICE;IKATECH PLAN;PRUEBAS IKATECH;4;CONTACTEST1;APP;;;2024-12-16 10:17:23;CANCELACION CON PROVEEDOR;0
17;CERRADO;33;PRUEBA PRUEBA ;PRUEBA PRUEBA ;NATALYC;2024-12-16 12:02:26;In coverage;EMERGENCY;CANCELED;Service Plan Two;TEST SERVICE;IKATECH PLAN;PRUEBAS IKATECH;2;;;;;2024-12-16 12:07:35;RECHAZO DE PRUEBA;0
16;ABIERTO;32;TEST UNO QA ;TEST UNO QA ;NATALYC;2024-12-16 11:46:00;In coverage;EMERGENCY;CANCELED;PRUEBA APP PROVEEDOR;TEST SERVICE;SOPORTE PLAN 2;CUENTA SOPORTE 2;2;ALFA06;APP;;;2024-12-16 15:20:37;cancel with provide;0
16;ABIERTO;31;TEST UNO QA ;TEST UNO QA ;NATALYC;2024-12-16 11:31:03;In coverage;EMERGENCY;CANCELED;PRUEBA APP PROVEEDOR;TEST SERVICE;SOPORTE PLAN 2;CUENTA SOPORTE 2;3;ALFA06;APP;;;2024-12-16 15:21:25;CANCELACION CON PROVEEDOR;0
16;ABIERTO;38;TEST UNO QA ;TEST UNO QA ;NATALYC;2024-12-16 15:32:59;In coverage;EMERGENCY;CANCELED;PRUEBA APP PROVEEDOR;TEST SERVICE;SOPORTE PLAN 2;CUENTA SOPORTE 2;3;ALFA06;APP;;;2024-12-16 15:35:19;cancel with provide;0
16;ABIERTO;39;TEST UNO QA ;TEST UNO QA ;NATALYC;2024-12-16 17:12:38;In coverage;EMERGENCY;CANCELED;PRUEBA APP PROVEEDOR;TEST SERVICE;SOPORTE PLAN 2;CUENTA SOPORTE 2;2;NATALYC;MANUAL;;;2024-12-16 17:14:10;cancel with provide;0
35;CERRADO;123;qa qa ;qa qa ;NATALYC;2025-01-23 15:40:08;In coverage;SCHEDULED;CANCELED;qa testing services plan;TEST SERVICE;SOPORTE PLAN 2;CUENTA SOPORTE 2;2;;;;;2025-02-05 16:01:35;TEST CANEL TWO;0
16;ABIERTO;40;TEST UNO QA ;TEST UNO QA ;NATALYC;2024-12-16 17:14:31;In coverage;EMERGENCY;CANCELED;PRUEBA APP PROVEEDOR;TEST SERVICE;SOPORTE PLAN 2;CUENTA SOPORTE 2;8;NATALYC;MANUAL;;;2024-12-16 17:27:45;RECHAZO DE PRUEBA;0
16;ABIERTO;40;TEST UNO QA ;TEST UNO QA ;NATALYC;2024-12-16 17:14:31;In coverage;EMERGENCY;CANCELED;PRUEBA APP PROVEEDOR;TEST SERVICE;SOPORTE PLAN 2;CUENTA SOPORTE 2;8;NATALYC;MANUAL;;;2024-12-16 17:27:45;RECHAZO DE PRUEBA;0
17;CERRADO;34;PRUEBA PRUEBA ;PRUEBA PRUEBA ;NATALYC;2024-12-16 12:08:35;In coverage;EMERGENCY;CANCELED;Service Plan Two;TEST SERVICE;IKATECH PLAN;PRUEBAS IKATECH;3;NATALYC;MANUAL;;;2024-12-17 08:16:42;CANCELACION CON PROVEEDOR;0
17;CERRADO;42;PRUEBA PRUEBA ;PRUEBA PRUEBA ;NATALYC;2024-12-17 08:17:59;In coverage;EMERGENCY;CANCELED;Service Plan Two;TEST SERVICE;IKATECH PLAN;PRUEBAS IKATECH;2;;;;;2024-12-17 08:23:59;RECHAZO DE PRUEBA;0
17;CERRADO;43;PRUEBA PRUEBA ;PRUEBA PRUEBA ;NATALYC;2024-12-17 08:25:33;In coverage;EMERGENCY;CANCELED;Service Plan Two;TEST SERVICE;IKATECH PLAN;PRUEBAS IKATECH;2;;;;;2024-12-17 08:28:24;RECHAZO DE PRUEBA;0
17;CERRADO;44;PRUEBA PRUEBA ;PRUEBA PRUEBA ;NATALYC;2024-12-17 08:27:09;In coverage;EMERGENCY;CANCELED;Service Plan Two;TEST SERVICE;IKATECH PLAN;PRUEBAS IKATECH;5;NATALYC;MANUAL;;;2024-12-17 08:58:52;CANCELACION CON PROVEEDOR;0
21;ABIERTO;48;PRUEBA QA ;PRUEBA QA ;NATALYC;2024-12-17 16:58:31;In coverage;EMERGENCY;CONCLUDED;VEHICLE AMPER TEST;IKATECH REMOLQUE VEHICULAR;SOPORTE PLAN 2;CUENTA SOPORTE 2;10;TRADUCCIONESIKA;APP;2024-12-19 10:27:05;2024-12-19 10:28:39;;NO ACEPTA SERVICIO TEST;0
19;CERRADO;53;TESTT TESTt ;TESTT TESTt ;userapp;2024-12-18 10:40:21;In connection;EMERGENCY;CANCELED;VEHICLE TRANSPORT TEST;IKATECH REMOLQUE VEHICULAR;PLAN SOPORTE;PRUEBAS SOPORTE;4;NATALYC;MANUAL;;;2024-12-18 14:04:23;CANCELACION CON PROVEEDOR;0
21;ABIERTO;54;PRUEBA QA ;PRUEBA QA ;NATALYC;2024-12-19 10:34:41;In coverage;EMERGENCY;CANCELED;VEHICLE AMPER TEST;IKATECH REMOLQUE VEHICULAR;SOPORTE PLAN 2;CUENTA SOPORTE 2;7;TRADUCCIONESIKA;APP;;;2024-12-19 12:54:22;CANCELACION CON PROVEEDOR;0
22;ABIERTO;56;PRUEBA APP PROVEEDOR ANDROID ;PRUEBA APP PROVEEDOR ANDROID ;NATALYC;2024-12-19 14:51:49;In coverage;EMERGENCY;CANCELED;PRUEBA APP PROVEEDOR;TEST SERVICE;SOPORTE PLAN 2;CUENTA SOPORTE 2;2;;;;;2024-12-19 15:10:18;RECHAZO DE PRUEBA;0
23;CERRADO;58;PRUEBA PRUEBA ;PRUEBA PRUEBA ;NATALYC;2024-12-19 15:13:37;In coverage;EMERGENCY;CANCELED;VEHICLE TRAILER TEST;TEST SERVICE;IKATECH PLAN;PRUEBAS IKATECH;2;;;;;2024-12-19 15:14:05;RECHAZO DE PRUEBA;0
21;ABIERTO;62;PRUEBA QA ;PRUEBA QA ;NATALYC;2024-12-19 15:26:22;In coverage;EMERGENCY;CANCELED;VEHICLE AMPER TEST;IKATECH REMOLQUE VEHICULAR;SOPORTE PLAN 2;CUENTA SOPORTE 2;3;TRADUCCIONESIKA;APP;;;2024-12-19 16:20:47;CANCELACION CON PROVEEDOR;0
22;ABIERTO;69;PRUEBA APP PROVEEDOR ANDROID ;PRUEBA APP PROVEEDOR ANDROID ;NATALYC;2024-12-19 17:54:24;In coverage;EMERGENCY;CANCELED;PRUEBA APP PROVEEDOR;TEST SERVICE;SOPORTE PLAN 2;CUENTA SOPORTE 2;4;NATALYC;ANCLAJE APP SOA;;;2024-12-19 18:11:57;RECHAZO DE PRUEBA;0
22;ABIERTO;63;PRUEBA APP PROVEEDOR ANDROID ;PRUEBA APP PROVEEDOR ANDROID ;NATALYC;2024-12-19 15:39:45;In coverage;EMERGENCY;CANCELED;PRUEBA APP PROVEEDOR;TEST SERVICE;SOPORTE PLAN 2;CUENTA SOPORTE 2;3;CONTACTEST4;APP;;;2024-12-19 18:12:18;RECHAZO DE PRUEBA;0
23;CERRADO;66;PRUEBA PRUEBA ;PRUEBA PRUEBA ;NATALYC;2024-12-19 16:20:55;In coverage;SCHEDULED;CANCELED;VEHICLE VIDEO TEST;IKATECH REMOLQUE VEHICULAR;PLAN SOPORTE;PRUEBAS SOPORTE;10;NATALYC;ANCLAJE APP SOA;;;2024-12-20 09:50:20;EL ABOGADO NO TOMO EL SERVICIO;0
23;CERRADO;67;PRUEBA PRUEBA ;PRUEBA PRUEBA ;NATALYC;2024-12-19 16:21:47;In coverage;SCHEDULED;CANCELED;VEHICLE VIDEO TEST;IKATECH REMOLQUE VEHICULAR;PLAN SOPORTE;PRUEBAS SOPORTE;10;TRADUCCIONESIKA;APP;;;2024-12-20 09:50:42;EL ABOGADO NO TOMO EL SERVICIO;0
22;ABIERTO;73;PRUEBA APP PROVEEDOR ANDROID ;PRUEBA APP PROVEEDOR ANDROID ;NATALYC;2024-12-20 11:55:04;In coverage;EMERGENCY;CANCELED;PRUEBA APP PROVEEDOR;TEST SERVICE;SOPORTE PLAN 2;CUENTA SOPORTE 2;7;NATALYC;ANCLAJE APP SOA;;;2024-12-20 12:06:36;RECHAZO DE PRUEBA;0
22;ABIERTO;72;PRUEBA APP PROVEEDOR ANDROID ;PRUEBA APP PROVEEDOR ANDROID ;NATALYC;2024-12-20 11:28:30;In coverage;EMERGENCY;CANCELED;PRUEBA APP PROVEEDOR;TEST SERVICE;SOPORTE PLAN 2;CUENTA SOPORTE 2;3;CONTACTEST4;APP;;;2024-12-20 12:19:35;RECHAZO DE PRUEBA;0
21;ABIERTO;74;PRUEBA QA ;PRUEBA QA ;NATALYC;2024-12-20 12:20:49;In coverage;EMERGENCY;CANCELED;VEHICLE AMPER TEST;IKATECH REMOLQUE VEHICULAR;SOPORTE PLAN 2;CUENTA SOPORTE 2;3;TRADUCCIONESIKA;APP;;;2024-12-20 12:22:06;CANCELACION CON PROVEEDOR;0
22;ABIERTO;75;PRUEBA APP PROVEEDOR ANDROID ;PRUEBA APP PROVEEDOR ANDROID ;NATALYC;2024-12-20 12:21:13;In coverage;EMERGENCY;CANCELED;PRUEBA APP PROVEEDOR;TEST SERVICE;SOPORTE PLAN 2;CUENTA SOPORTE 2;5;CONTACTEST4;APP;;;2024-12-20 12:36:35;RECHAZO DE PRUEBA;0
22;ABIERTO;78;PRUEBA APP PROVEEDOR ANDROID ;PRUEBA APP PROVEEDOR ANDROID ;NATALYC;2024-12-20 14:30:39;In coverage;EMERGENCY;CANCELED;PRUEBA APP PROVEEDOR;TEST SERVICE;SOPORTE PLAN 2;CUENTA SOPORTE 2;5;CONTACTEST4;APP;;;2024-12-20 14:37:13;RECHAZO DE PRUEBA;0
25;CERRADO;82;TEST TEST ;TEST TEST ;userapp;2024-12-26 13:34:53;In coverage;SCHEDULED;CANCELED;VEHICLE VIDEO TEST;IKATECH REMOLQUE VEHICULAR;PLAN SOPORTE;PRUEBAS SOPORTE;10;NATALYC;MANUAL;;;2024-12-26 15:21:16;EL ABOGADO NO TOMO EL SERVICIO;0
19;CERRADO;46;TESTT TESTt ;TESTT TESTt ;userapp;2024-12-17 15:25:15;In coverage;EMERGENCY;CANCELED;VEHICLE TRANSPORT TEST;IKATECH REMOLQUE VEHICULAR;PLAN SOPORTE;PRUEBAS SOPORTE;10;NATALYC;MANUAL;;;2024-12-26 15:49:22;EL ABOGADO NO TOMO EL SERVICIO;0
23;CERRADO;61;PRUEBA PRUEBA ;PRUEBA PRUEBA ;userapp;2024-12-19 15:24:45;In coverage;SCHEDULED;CANCELED;VEHICLE VIDEO TEST;IKATECH REMOLQUE VEHICULAR;PLAN SOPORTE;PRUEBAS SOPORTE;10;NATALYC;ANCLAJE APP SOA;;;2024-12-26 15:49:47;EL ABOGADO NO TOMO EL SERVICIO;0
26;CERRADO;87;TESTT TESTt ;TESTT TESTt ;userapp;2024-12-26 16:18:06;In coverage;EMERGENCY;CANCELED;VEHICLE AMPER TEST;IKATECH REMOLQUE VEHICULAR;SOPORTE PLAN 2;CUENTA SOPORTE 2;10;NATALYC;ANCLAJE APP SOA;;;2024-12-26 16:25:31;CANCELACION CON PROVEEDOR;0
23;CERRADO;65;PRUEBA PRUEBA ;PRUEBA PRUEBA ;NATALYC;2024-12-19 16:20:42;In coverage;EMERGENCY;CANCELED;VEHICLE VIDEO TEST;IKATECH REMOLQUE VEHICULAR;PLAN SOPORTE;PRUEBAS SOPORTE;2;;;;;2024-12-26 16:25:47;EL ABOGADO NO TOMO EL SERVICIO;0
25;CERRADO;89;TEST TEST ;TEST TEST ;NATALYC;2024-12-26 17:18:28;In coverage;SCHEDULED;CANCELED;VEHICLE VIDEO TEST;IKATECH REMOLQUE VEHICULAR;PLAN SOPORTE;PRUEBAS SOPORTE;10;NATALYC;MANUAL;;;2024-12-27 07:59:59;EL ABOGADO NO TOMO EL SERVICIO;0
22;ABIERTO;76;PRUEBA APP PROVEEDOR ANDROID ;PRUEBA APP PROVEEDOR ANDROID ;NATALYC;2024-12-20 12:39:26;In coverage;EMERGENCY;CONCLUDED;PRUEBA APP PROVEEDOR;TEST SERVICE;SOPORTE PLAN 2;CUENTA SOPORTE 2;10;NATALYC;ANCLAJE APP SOA;;2024-12-27 13:09:02;2024-12-27 08:27:44;EL ABOGADO NO TOMO EL SERVICIO;0
28;ABIERTO;90;PRUEBAA PRUEBA ;PRUEBA PRUEBA ;NATALYC;2024-12-27 08:19:19;In coverage;SCHEDULED;CANCELED;VEHICLE VIDEO TEST;IKATECH REMOLQUE VEHICULAR;PLAN SOPORTE;PRUEBAS SOPORTE;10;NATALYC;MANUAL;;;2024-12-27 08:33:41;EL ABOGADO NO TOMO EL SERVICIO;0
22;ABIERTO;93;PRUEBA APP PROVEEDOR ANDROID ;PRUEBA APP PROVEEDOR ANDROID ;NATALYC;2024-12-27 08:31:36;In coverage;EMERGENCY;CANCELED;PRUEBA APP PROVEEDOR;TEST SERVICE;SOPORTE PLAN 2;CUENTA SOPORTE 2;3;CONTACTEST4;APP;;;2024-12-27 09:00:06;RECHAZO DE PRUEBA;0
51;CERRADO;164;TEST UNO QA ;TEST UNO QA ;PRUEBASIKA1;2025-02-06 13:01:14;In coverage;EMERGENCY;CANCELED;TEST PLAN SERVICE ALFA;TEST SERVICE ALFA;TEST PLAN ALFA;TEST ACCOUNT ALFA;2;;;;;2025-02-06 13:05:35;TEST CANEL TWO;0
28;ABIERTO;94;PRUEBAA PRUEBA ;PRUEBA PRUEBA ;NATALYC;2024-12-27 08:34:08;In coverage;SCHEDULED;CANCELED;VEHICLE VIDEO TEST;IKATECH REMOLQUE VEHICULAR;PLAN SOPORTE;PRUEBAS SOPORTE;10;NATALYC;MANUAL;;;2024-12-27 09:43:44;EL ABOGADO NO TOMO EL SERVICIO;0
22;ABIERTO;98;PRUEBA APP PROVEEDOR ANDROID ;PRUEBA APP PROVEEDOR ANDROID ;NATALYC;2024-12-27 09:20:05;In coverage;EMERGENCY;CANCELED;PRUEBA APP PROVEEDOR;TEST SERVICE;SOPORTE PLAN 2;CUENTA SOPORTE 2;3;CONTACTEST4;APP;;;2024-12-27 10:13:37;RECHAZO DE PRUEBA;0
22;ABIERTO;103;PRUEBA APP PROVEEDOR ANDROID ;PRUEBA APP PROVEEDOR ANDROID ;NATALYC;2024-12-27 10:53:39;In coverage;EMERGENCY;CANCELED;PRUEBA APP PROVEEDOR;TEST SERVICE;SOPORTE PLAN 2;CUENTA SOPORTE 2;3;CONTACTEST4;APP;;;2024-12-27 11:24:20;RECHAZO DE PRUEBA;0
22;ABIERTO;104;PRUEBA APP PROVEEDOR ANDROID ;PRUEBA APP PROVEEDOR ANDROID ;NATALYC;2024-12-27 10:57:59;In coverage;EMERGENCY;CONCLUDED;PRUEBA APP PROVEEDOR;TEST SERVICE;SOPORTE PLAN 2;CUENTA SOPORTE 2;10;NATALYC;ANCLAJE APP SOA;2024-12-27 12:45:36;2024-12-27 12:46:15;2024-12-27 11:39:28;EL ABOGADO NO TOMO EL SERVICIO;0
22;ABIERTO;105;PRUEBA APP PROVEEDOR ANDROID ;PRUEBA APP PROVEEDOR ANDROID ;NATALYC;2024-12-27 11:58:32;In coverage;EMERGENCY;CANCELED;PRUEBA APP PROVEEDOR;TEST SERVICE;SOPORTE PLAN 2;CUENTA SOPORTE 2;9;CONTACTEST4;APP;;;2024-12-27 12:11:29;RECHAZO DE PRUEBA;0
22;ABIERTO;97;PRUEBA APP PROVEEDOR ANDROID ;PRUEBA APP PROVEEDOR ANDROID ;NATALYC;2024-12-27 09:03:50;In coverage;EMERGENCY;CANCELED;PRUEBA APP PROVEEDOR;TEST SERVICE;SOPORTE PLAN 2;CUENTA SOPORTE 2;8;NATALYC;ANCLAJE APP SOA;;;2025-01-08 12:44:25;RECHAZO DE PRUEBA;0
29;CERRADO;113;TEST TEST ;TEST TEST ;NATALYC;2025-01-08 15:47:19;In coverage;EMERGENCY;CANCELED;VEHICLE MECANIC TEST;IKATECH REMOLQUE VEHICULAR;PLAN SOPORTE;PRUEBAS SOPORTE;2;;;;;2025-01-08 15:48:41;EL ABOGADO NO TOMO EL SERVICIO;0
29;CERRADO;114;TEST TEST ;TEST TEST ;NATALYC;2025-01-08 15:53:02;In coverage;EMERGENCY;CANCELED;VEHICLE MECANIC TEST;IKATECH REMOLQUE VEHICULAR;PLAN SOPORTE;PRUEBAS SOPORTE;2;;;;;2025-01-08 15:54:27;EL ABOGADO NO TOMO EL SERVICIO;0
22;ABIERTO;110;PRUEBA APP PROVEEDOR ANDROID ;PRUEBA APP PROVEEDOR ANDROID ;NATALYC;2025-01-08 14:30:27;In coverage;EMERGENCY;CANCELED;PRUEBA APP PROVEEDOR;TEST SERVICE;SOPORTE PLAN 2;CUENTA SOPORTE 2;2;;;;;2025-01-08 16:40:18;EL ABOGADO NO TOMO EL SERVICIO;0
22;ABIERTO;108;PRUEBA APP PROVEEDOR ANDROID ;PRUEBA APP PROVEEDOR ANDROID ;NATALYC;2025-01-08 11:52:37;In coverage;EMERGENCY;CANCELED;PRUEBA APP PROVEEDOR;TEST SERVICE;SOPORTE PLAN 2;CUENTA SOPORTE 2;9;CONTACTEST4;APP;2025-01-08 14:11:34;;2025-01-08 16:40:39;RECHAZO DE PRUEBA;0
22;ABIERTO;107;PRUEBA APP PROVEEDOR ANDROID ;PRUEBA APP PROVEEDOR ANDROID ;NATALYC;2025-01-08 11:33:15;In coverage;EMERGENCY;CANCELED;PRUEBA APP PROVEEDOR;TEST SERVICE;SOPORTE PLAN 2;CUENTA SOPORTE 2;2;CONTACTEST4;APP;;;2025-01-08 16:40:59;RECHAZO DE PRUEBA;0
32;CERRADO;120;PRUEBA PRUEBA ;PRUEBA PRUEBA ;NATALYC;2025-01-21 07:17:45;In coverage;EMERGENCY;CANCELED;SOPORTE PLAN SERVICIOS 2;SERVICIOS SOPORTE 3;SOPORTE PLAN 2;CUENTA SOPORTE 2;2;;;;;2025-01-21 07:18:06;EL ABOGADO NO TOMO EL SERVICIO;0
5;CERRADO;9;qa pruebas ;qa pruebas ;NATALYC;2024-12-13 12:56:21;In coverage;EMERGENCY;CANCELED;SOPORTE PLAN SERVICIOS 2;SERVICIOS SOPORTE 3;SOPORTE PLAN 2;CUENTA SOPORTE 2;2;;;;;2025-01-21 11:37:01;EL ABOGADO NO TOMO EL SERVICIO;0
10;CERRADO;12;PRUEBA QA 2 ;PRUEBA QA 2 ;NATALYC;2024-12-13 15:33:23;In coverage;EMERGENCY;CANCELED;SOPORTE PLAN SERVICIOS 2;SERVICIOS SOPORTE 3;SOPORTE PLAN 2;CUENTA SOPORTE 2;2;;;;;2025-01-21 11:37:46;EL ABOGADO NO TOMO EL SERVICIO;0
10;CERRADO;13;PRUEBA QA 2 ;PRUEBA QA 2 ;NATALYC;2024-12-13 15:35:14;In coverage;EMERGENCY;CANCELED;SOPORTE PLAN SERVICIOS 2;SERVICIOS SOPORTE 3;SOPORTE PLAN 2;CUENTA SOPORTE 2;2;;;;;2025-01-21 11:38:03;EL ABOGADO NO TOMO EL SERVICIO;0
21;ABIERTO;80;PRUEBA QA ;PRUEBA QA ;NATALYC;2024-12-24 09:03:41;In coverage;EMERGENCY;CANCELED;VEHICLE AMPER TEST;IKATECH REMOLQUE VEHICULAR;SOPORTE PLAN 2;CUENTA SOPORTE 2;6;NATALYC;ANCLAJE APP SOA;;;2025-01-21 11:38:46;CANCELACION CON PROVEEDOR;0
28;ABIERTO;100;PRUEBAA PRUEBA ;PRUEBA PRUEBA ;userapp;2024-12-27 09:57:11;In connection;EMERGENCY;CANCELED;VEHICLE TRANSPORT TEST;IKATECH REMOLQUE VEHICULAR;PLAN SOPORTE;PRUEBAS SOPORTE;2;;;;;2025-01-21 11:39:10;EL ABOGADO NO TOMO EL SERVICIO;0
29;CERRADO;112;TEST TEST ;TEST TEST ;userapp;2025-01-08 15:33:46;In coverage;SCHEDULED;CANCELED;VEHICLE VIDEO TEST;IKATECH REMOLQUE VEHICULAR;PLAN SOPORTE;PRUEBAS SOPORTE;10;NATALYC;MANUAL;;;2025-01-21 11:39:37;EL ABOGADO NO TOMO EL SERVICIO;0
29;CERRADO;92;TEST TEST ;TEST TEST ;NATALYC;2024-12-27 08:29:30;In coverage;SCHEDULED;CANCELED;VEHICLE VIDEO TEST;IKATECH REMOLQUE VEHICULAR;PLAN SOPORTE;PRUEBAS SOPORTE;10;NATALYC;MANUAL;;;2025-01-21 11:39:57;EL ABOGADO NO TOMO EL SERVICIO;0
29;CERRADO;91;TEST TEST ;TEST TEST ;NATALYC;2024-12-27 08:29:05;In coverage;SCHEDULED;CANCELED;VEHICLE VIDEO TEST;IKATECH REMOLQUE VEHICULAR;PLAN SOPORTE;PRUEBAS SOPORTE;10;NATALYC;MANUAL;;;2025-01-21 11:40:16;EL ABOGADO NO TOMO EL SERVICIO;0
31;CERRADO;119;LUIS POSSO GALEANO;LUIS POSSO GALEANO;DPOSSO;2025-01-20 11:28:15;In coverage;EMERGENCY;CANCELED;PLOMERÍA;HOGAR - PLOMERÍA;HOGAR LA FLORIDA;MCS LA FLORIDA;3;DPOSSO;MANUAL;;;2025-01-22 14:38:02;TEST CANCELLATION;0
33;CERRADO;121;PRUEBA PRUEBA ;PRUEBA PRUEBA ;NATALYC;2025-01-22 16:09:14;In coverage;EMERGENCY;CANCELED;PRUEBA APP PROVEEDOR;TEST SERVICE;SOPORTE PLAN 2;CUENTA SOPORTE 2;3;NATALYC;ANCLAJE APP SOA;;;2025-01-22 16:13:00;PRUEBA CANCELACION DESDE LA APP;0
22;ABIERTO;118;PRUEBA APP PROVEEDOR ANDROID ;PRUEBA APP PROVEEDOR ANDROID ;NATALYC;2025-01-09 16:11:37;In coverage;EMERGENCY;CANCELED;PRUEBA APP PROVEEDOR;TEST SERVICE;SOPORTE PLAN 2;CUENTA SOPORTE 2;5;CONTACTEST4;APP;;;2025-01-23 18:24:03;pruebaaaaaaa;0
36;CERRADO;128;TEST UNO QA ;TEST UNO QA ;idiomaika;2025-01-23 18:12:57;In coverage;EMERGENCY;CANCELED;PLAN SERVICIO PRUEBA;TEST SERVICIO PRUEBA;TESTER PLAN PRUEBA UNO;TESTER PRUEBA UNO;7;idiomaika;ANCLAJE APP SOA;;;2025-01-23 18:25:31;cancelación soa;0
36;CERRADO;127;TEST UNO QA ;TEST UNO QA ;idiomaika;2025-01-23 18:08:31;In coverage;EMERGENCY;CANCELED;PLAN SERVICIO PRUEBA;TEST SERVICIO PRUEBA;TESTER PLAN PRUEBA UNO;TESTER PRUEBA UNO;4;idiomaika;ANCLAJE APP SOA;;;2025-01-23 18:25:46;cancelación soa;0
36;CERRADO;129;TEST UNO QA ;TEST UNO QA ;idiomaika;2025-01-23 18:25:59;In coverage;EMERGENCY;CANCELED;PLAN SERVICIO PRUEBA;TEST SERVICIO PRUEBA;TESTER PLAN PRUEBA UNO;TESTER PRUEBA UNO;8;idiomaika;ANCLAJE APP SOA;;;2025-01-23 18:28:22;cancelación soa;0
36;CERRADO;130;TEST UNO QA ;TEST UNO QA ;idiomaika;2025-01-23 18:28:34;In coverage;EMERGENCY;CANCELED;PLAN SERVICIO PRUEBA;TEST SERVICIO PRUEBA;TESTER PLAN PRUEBA UNO;TESTER PRUEBA UNO;8;idiomaika;ANCLAJE APP SOA;;;2025-01-23 18:31:41;cancelación soa;0
36;CERRADO;131;TEST UNO QA ;TEST UNO QA ;idiomaika;2025-01-23 18:31:51;In coverage;EMERGENCY;CANCELED;PLAN SERVICIO PRUEBA;TEST SERVICIO PRUEBA;TESTER PLAN PRUEBA UNO;TESTER PRUEBA UNO;7;idiomaika;ANCLAJE APP SOA;;;2025-01-23 18:34:35;cancelación soa;0
36;CERRADO;132;TEST UNO QA ;TEST UNO QA ;idiomaika;2025-01-23 18:34:50;In coverage;EMERGENCY;CANCELED;PLAN SERVICIO PRUEBA;TEST SERVICIO PRUEBA;TESTER PLAN PRUEBA UNO;TESTER PRUEBA UNO;9;idiomaika;ANCLAJE APP SOA;2025-01-23 18:36:40;;2025-01-23 18:39:25;cancelación soa;0
38;ABIERTO;133;TEST DOS QA ;TEST DOS QA ;idiomaika;2025-01-24 08:12:26;In coverage;EMERGENCY;CANCELED;PRUEBA APP PROVEEDOR;TEST SERVICE;SOPORTE PLAN 2;CUENTA SOPORTE 2;8;CONTACTEST4;APP;;;2025-01-24 08:34:04;pruebaaaaaaa;0
40;CERRADO;135;TEST CUATRO QA ;TEST CUATRO QA ;idiomaika;2025-01-24 08:34:27;In coverage;EMERGENCY;CANCELED;TEST PLAN SERVICE ALFA;TEST SERVICE ALFA;TEST PLAN ALFA;TEST ACCOUNT ALFA;2;idiomaika;MANUAL;;;2025-01-24 09:16:18;TEST CANEL ONE;0
40;CERRADO;135;TEST CUATRO QA ;TEST CUATRO QA ;idiomaika;2025-01-24 08:34:27;In coverage;EMERGENCY;CANCELED;TEST PLAN SERVICE ALFA;TEST SERVICE ALFA;TEST PLAN ALFA;TEST ACCOUNT ALFA;2;CONTACTEST4;APP;;;2025-01-24 09:16:18;TEST CANEL ONE;0
42;ABIERTO;137;PRUEBA QA ;PRUEBA QA ;NATALYC;2025-01-24 10:35:50;In coverage;SCHEDULED;CANCELED;PRUEBAS KPIs MONITOR DE CIERRE;HOGAR - PLOMERÍA;PRUEBA IKATECHS;PRUEBAS IKATECH;2;NATALYC;ANCLAJE APP SOA;;;2025-01-24 11:38:14;PROVEEDOR MAL ASIGNADO;0
42;ABIERTO;141;PRUEBA QA ;PRUEBA QA ;NATALYC;2025-01-24 11:25:53;In coverage;SCHEDULED;CANCELED;PRUEBAS KPIs MONITOR DE CIERRE;HOGAR - PLOMERÍA;PRUEBA IKATECHS;PRUEBAS IKATECH;2;NATALYC;ANCLAJE APP SOA;;;2025-01-24 14:53:06;TEST CANCELLATION;0
41;ABIERTO;138;QA QA ;PRUEBA TEST ;idiomaika;2025-01-24 10:57:52;In warranty;EMERGENCY;CANCELED;SOPORTE PLAN SERVICIOS 2;SERVICIOS SOPORTE 3;SOPORTE PLAN 2;CUENTA SOPORTE 2;3;idiomaika;ANCLAJE APP SOA;;;2025-01-27 08:33:52;TEST CANCELLATION;0
41;ABIERTO;139;QA QA ;PRUEBA TEST ;NATALYC;2025-01-24 11:04:53;In connection;EMERGENCY;CANCELED;SOPORTE PLAN SERVICIOS 2;SERVICIOS SOPORTE 3;SOPORTE PLAN 2;CUENTA SOPORTE 2;9;NATALYC;ANCLAJE APP SOA;;;2025-01-27 10:24:34;TEST CANCELLATION;0
41;ABIERTO;146;QA QA ;PRUEBA TEST ;NATALYC;2025-01-27 09:36:45;In coverage;EMERGENCY;CANCELED;VEHICLE AMPER TEST;TEST SERVICE;SOPORTE PLAN 2;CUENTA SOPORTE 2;8;NATALYC;ANCLAJE APP SOA;;;2025-01-27 10:24:49;TEST CANCELLATION;0
41;ABIERTO;148;QA QA ;PRUEBA TEST ;NATALYC;2025-01-27 10:52:10;In coverage;EMERGENCY;CANCELED;VEHICLE AMPER TEST;TEST SERVICE;SOPORTE PLAN 2;CUENTA SOPORTE 2;2;NATALYC;ANCLAJE APP SOA;;;2025-01-27 10:58:39;TEST CANCELLATION;0
41;ABIERTO;147;QA QA ;PRUEBA TEST ;NATALYC;2025-01-27 10:05:23;In coverage;EMERGENCY;CANCELED;VEHICLE AMPER TEST;TEST SERVICE;SOPORTE PLAN 2;CUENTA SOPORTE 2;8;NATALYC;ANCLAJE APP SOA;;;2025-01-27 10:59:06;TEST CANCELLATION;0
41;ABIERTO;153;QA QA ;PRUEBA TEST ;NATALYC;2025-01-27 11:40:17;In coverage;EMERGENCY;CANCELED;VEHICLE AMPER TEST;TEST SERVICE;SOPORTE PLAN 2;CUENTA SOPORTE 2;2;;;;;2025-01-27 11:40:48;TEST CANEL TWO;0
41;ABIERTO;154;QA QA ;PRUEBA TEST ;NATALYC;2025-01-27 11:41:03;In coverage;SCHEDULED;CANCELED;VEHICLE AMPER TEST;TEST SERVICE;SOPORTE PLAN 2;CUENTA SOPORTE 2;3;NATALYC;ANCLAJE APP SOA;;;2025-01-27 11:45:00;SERVICIO FUERA DE COBERTURA;0
41;ABIERTO;156;QA QA ;PRUEBA TEST ;NATALYC;2025-01-27 12:13:21;In coverage;EMERGENCY;CANCELED;VEHICLE AMPER TEST;TEST SERVICE;SOPORTE PLAN 2;CUENTA SOPORTE 2;3;TECNICUSA2;APP;;;2025-01-27 12:13:53;SERVICIO FUERA DE COBERTURA;0
41;ABIERTO;150;QA QA ;PRUEBA TEST ;NATALYC;2025-01-27 11:21:52;In coverage;EMERGENCY;CANCELED;VEHICLE AMPER TEST;TEST SERVICE;SOPORTE PLAN 2;CUENTA SOPORTE 2;10;TECNICUSA2;APP;;;2025-01-27 12:34:01;TEST CANEL TWO;0
41;ABIERTO;151;QA QA ;PRUEBA TEST ;NATALYC;2025-01-27 11:30:01;In coverage;EMERGENCY;CANCELED;VEHICLE AMPER TEST;TEST SERVICE;SOPORTE PLAN 2;CUENTA SOPORTE 2;10;NATALYC;ANCLAJE APP SOA;;;2025-01-27 12:34:26;TEST CANEL TWO;0
41;ABIERTO;151;QA QA ;PRUEBA TEST ;NATALYC;2025-01-27 11:30:01;In coverage;EMERGENCY;CANCELED;VEHICLE AMPER TEST;TEST SERVICE;SOPORTE PLAN 2;CUENTA SOPORTE 2;10;NATALYC;ANCLAJE APP SOA;;;2025-01-27 12:34:26;TEST CANEL TWO;0
41;ABIERTO;152;QA QA ;PRUEBA TEST ;CAROPROD;2025-01-27 11:35:35;In coverage;EMERGENCY;CANCELED;PRUEBA APP PROVEEDOR;TEST SERVICE;SOPORTE PLAN 2;CUENTA SOPORTE 2;4;baseproveedorandriod;MANUAL;;;2025-01-27 12:34:44;TEST CANCELLATION;0
41;ABIERTO;157;QA QA ;PRUEBA TEST ;NATALYC;2025-01-27 12:15:01;In coverage;EMERGENCY;CANCELED;VEHICLE AMPER TEST;TEST SERVICE;SOPORTE PLAN 2;CUENTA SOPORTE 2;3;TECNICUSA1;APP;;;2025-01-27 12:35:05;TEST CANCELLATION;0
45;ABIERTO;143;TEST UNO QA ;TEST UNO QA ;idiomaika;2025-01-24 14:52:51;In coverage;EMERGENCY;CANCELED;TEST PLAN SERVICE ALFA;TEST SERVICE ALFA;TEST PLAN ALFA;TEST ACCOUNT ALFA;3;CONTACTEST4;APP;;;2025-01-28 08:21:14;prueba cancelar asistencia app;0
46;CERRADO;158;TEST UNO QA ;TEST UNO QA ;idiomaika;2025-01-28 19:43:35;In coverage;EMERGENCY;CANCELED;TEST PLAN SERVICE ALFA;TEST SERVICE ALFA;TEST PLAN ALFA;TEST ACCOUNT ALFA;3;CONTACTEST4;APP;;;2025-01-28 19:55:07;prueba español;0
49;CERRADO;160;LAURA TORRES RODRIGUEZ;LAURA TORRES RODRIGUEZ;DPOSSO;2025-02-03 10:56:36;In coverage;EMERGENCY;CANCELED;ELECTRICIDAD;HOGAR - ELECTRICIDAD;HOGAR LA FLORIDA;MCS LA FLORIDA;2;DPOSSO;ANCLAJE APP SOA;;;2025-02-03 10:57:40;CLIENTE INACTIVO;0
49;CERRADO;161;LAURA TORRES RODRIGUEZ;LAURA TORRES RODRIGUEZ;DPOSSO;2025-02-03 10:58:41;In warranty;EMERGENCY;CANCELED;CERRAJERÍA;HOGAR - CERRAJERÍA;HOGAR LA FLORIDA;MCS LA FLORIDA;4;DPOSSO;ANCLAJE APP SOA;;;2025-02-03 11:12:54;PROVEEDOR CON IMPREVISTO;0
57;CERRADO;168;TEST UNO QA ;TEST UNO QA ;PRUEBASIKA1;2025-02-21 17:10:47;In coverage;EMERGENCY;CANCELED;TEST PLAN SERVICE ALFA;TEST SERVICE ALFA;TEST PLAN ALFA;TEST ACCOUNT ALFA;7;PRUEBASIKA1;MANUAL;;;2025-02-21 17:14:58;TEST CANEL ONE;0
50;ABIERTO;163;TEST UNO QA ;TEST UNO QA ;PRUEBASIKA1;2025-02-04 14:02:48;In coverage;EMERGENCY;CANCELED;TEST PLAN SERVICE ALFA;TEST SERVICE ALFA;TEST PLAN ALFA;TEST ACCOUNT ALFA;2;PRUEBASIKA1;MANUAL;;;2025-02-04 14:09:19;TEST CANEL ONE;0
50;ABIERTO;163;TEST UNO QA ;TEST UNO QA ;PRUEBASIKA1;2025-02-04 14:02:48;In coverage;EMERGENCY;CANCELED;TEST PLAN SERVICE ALFA;TEST SERVICE ALFA;TEST PLAN ALFA;TEST ACCOUNT ALFA;2;PRUEBASIKA1;MANUAL;;;2025-02-04 14:09:19;TEST CANEL ONE;0
50;ABIERTO;163;TEST UNO QA ;TEST UNO QA ;PRUEBASIKA1;2025-02-04 14:02:48;In coverage;EMERGENCY;CANCELED;TEST PLAN SERVICE ALFA;TEST SERVICE ALFA;TEST PLAN ALFA;TEST ACCOUNT ALFA;2;PRUEBASIKA1;MANUAL;;;2025-02-04 14:09:19;TEST CANEL ONE;0
34;CERRADO;169;QA QA ;QA QA ;idiomaika;2025-02-25 09:06:15;In coverage;EMERGENCY;CANCELED;qa testing services plan;TEST SERVICE;SOPORTE PLAN 2;CUENTA SOPORTE 2;5;idiomaika;MANUAL;;;2025-02-25 09:10:39;TEST CANCELLATION;0
42;ABIERTO;175;PRUEBA QA ;PRUEBA QA ;PRUEBASIKA1;2025-02-26 11:37:16;In coverage;EMERGENCY;CANCELED;PRUEBAS IKATECH;HOGAR - PLOMERÍA;PRUEBA IKATECHS;PRUEBAS IKATECH;2;PRUEBASIKA1;ANCLAJE APP SOA;;;2025-02-26 11:39:34;TEST CANCELLATION;0
42;ABIERTO;176;PRUEBA QA ;PRUEBA QA ;PRUEBASIKA1;2025-02-26 11:39:54;In coverage;EMERGENCY;CANCELED;PRUEBAS IKATECH;HOGAR - PLOMERÍA;PRUEBA IKATECHS;PRUEBAS IKATECH;2;PRUEBASIKA1;ANCLAJE APP SOA;;;2025-02-26 11:40:20;PROVEEDOR MAL ASIGNADO;0
42;ABIERTO;177;PRUEBA QA ;PRUEBA QA ;PRUEBASIKA1;2025-02-26 11:40:44;In coverage;SCHEDULED;CANCELED;PRUEBAS IKATECH;HOGAR - PLOMERÍA;PRUEBA IKATECHS;PRUEBAS IKATECH;2;PRUEBASIKA1;ANCLAJE APP SOA;;;2025-02-26 11:41:09;APERTURA EN CUENTA ERRADA;0
70;CERRADO;185;2 2 ;2 2 ;PRUEBASIKA1;2025-02-27 17:52:48;In coverage;EMERGENCY;CANCELED;SOPORTE PLAN SERVICIOS 2;SERVICIOS SOPORTE 3;IKATECH PLAN;PRUEBAS IKATECH;2;PRUEBASIKA1;MANUAL;;;2025-02-27 17:55:50;TEST CANCELLATION;0
70;CERRADO;184;2 2 ;2 2 ;PRUEBASIKA1;2025-02-27 17:51:26;In coverage;EMERGENCY;CANCELED;SOPORTE PLAN SERVICIOS 2;SERVICIOS SOPORTE 3;IKATECH PLAN;PRUEBAS IKATECH;2;PRUEBASIKA1;MANUAL;;;2025-02-27 17:56:06;TEST CANCELLATION;0
72;CERRADO;187;bernardo Torres ;bernardo Torres ;JUANBER3;2025-02-28 15:16:30;In coverage;EMERGENCY;CANCELED;bernardo franjas horarias;bernardo franjas horarias;PRUEBA IKATECH QA;PRUEBAS IKATECH;4;JUANBER3;MANUAL;;;2025-02-28 15:19:13;CIERRE A CERO COSTO BERNARDO;0
72;CERRADO;188;bernardo Torres ;bernardo Torres ;JUANBER3;2025-02-28 15:24:42;In coverage;EMERGENCY;CANCELED;bernardo franjas horarias;bernardo franjas horarias;PRUEBA IKATECH QA;PRUEBAS IKATECH;4;JUANBER3;MANUAL;;;2025-02-28 15:26:15;PAGO SERVICIO FALLIDO BERNARDO;0
73;CERRADO;189;a a ;a a ;PRUEBASIKA1;2025-03-03 09:40:55;In coverage;EMERGENCY;CANCELED;SOPORTE PLAN SERVICIOS 2;SERVICIOS SOPORTE 3;IKATECH PLAN;PRUEBAS IKATECH;2;;;;;2025-03-03 09:42:31;SERVICE NO LONGER NECESSARY;0
64;ABIERTO;178;PRUEBA QA ;PRUEBA QA ;PRUEBASIKA1;2025-02-26 13:16:03;In coverage;SCHEDULED;CANCELED;PRUEBA APP PROVEEDOR;TEST SERVICE;SOPORTE PLAN 2;CUENTA SOPORTE 2;2;PRUEBASIKA1;ANCLAJE APP SOA;;;2025-03-06 15:16:36;Justificación prueba bloqueo;0
74;CERRADO;190;a a ;a a ;PRUEBASIKA1;2025-03-06 15:18:57;In coverage;EMERGENCY;CANCELED;SOPORTE PLAN SERVICIOS 2;SERVICIOS SOPORTE 3;IKATECH PLAN;PRUEBAS IKATECH;4;PRUEBASEUSA;APP;;;2025-03-06 15:21:28;Justificación prueba bloqueo;0
74;CERRADO;191;a a ;a a ;KMUSA;2025-03-06 15:21:29;In coverage;EMERGENCY;CANCELED;SOPORTE PLAN SERVICIOS 2;SERVICIOS SOPORTE 3;IKATECH PLAN;PRUEBAS IKATECH;3;PRUEBASEUSA;APP;;;2025-03-06 15:22:46;TEST CANCELLATION;0
75;CERRADO;192;a a ;a a ;PRUEBASIKA1;2025-03-07 10:22:06;In coverage;EMERGENCY;CANCELED;SOPORTE PLAN SERVICIOS 2;SERVICIOS SOPORTE 3;IKATECH PLAN;PRUEBAS IKATECH;4;baseproveedorandriod;APP;;;2025-03-07 10:24:39;Justificación prueba bloqueo;0
75;CERRADO;193;a a ;a a ;CONTACTEST;2025-03-07 10:24:40;In coverage;EMERGENCY;CANCELED;SOPORTE PLAN SERVICIOS 2;SERVICIOS SOPORTE 3;IKATECH PLAN;PRUEBAS IKATECH;3;baseproveedorandriod;APP;;;2025-03-07 10:25:51;TEST CANCELLATION;0
79;CERRADO;205;DEIGO POSSO ;DIEGO POSSO ;DPOSSO;2025-03-10 14:26:23;In coverage;EMERGENCY;CANCELED;WASTE;WASTE MANAGEMENT;RESIDENTS DISTRICT 1;DISTRICT 1;2;;;;;2025-03-10 14:33:25;SERVICIO DE PRUEBA;0
80;CERRADO;209;bernardo bernardo ;bernardo bernardo ;JUANBER3;2025-03-10 16:07:18;In coverage;EMERGENCY;CANCELED;PRUEBAS KPIs MONITOR DE CIERRE;HOGAR - PLOMERÍA;PRUEBA IKATECHS;PRUEBAS IKATECH;2;;;;;2025-03-10 16:41:28;SERVICE NO LONGER NECESSARY;0
84;CERRADO;210;a a ;a a ;PRUEBASIKA1;2025-03-10 18:02:36;In coverage;EMERGENCY;CANCELED;PRUEBAS IKATECH;HOGAR - PLOMERÍA;PRUEBA IKATECHS;PRUEBAS IKATECH;2;;;;;2025-03-10 18:03:18;SERVICE NO LONGER NECESSARY;0
90;CERRADO;211;a a ;a a ;PRUEBASIKA1;2025-03-11 15:57:10;In coverage;SCHEDULED;CANCELED;CERRAJERÍA;HOGAR - CERRAJERÍA;PRUEBA PLAN MD;PRUEBA MD;2;PRUEBASIKA1;MANUAL;;;2025-03-11 15:58:08;PROVEEDOR MAL ASIGNADO;0
91;CERRADO;212;a a ;a a ;PRUEBASIKA1;2025-03-11 17:30:45;In coverage;SCHEDULED;CANCELED;PRUEBAS IKATECH;HOGAR - PLOMERÍA;PRUEBA IKATECHS;PRUEBAS IKATECH;2;PRUEBASIKA1;MANUAL;;;2025-03-11 17:51:54;TEST CANCELLATION;0
95;CERRADO;218;PRUEBA PRUEBA ;PRUEBA PRUEBA ;PRUEBASIKA1;2025-03-12 16:07:15;In coverage;EMERGENCY;CANCELED;VIVIENDA Y ADMIN QA PRUEBA;HOUSING & PROPERTY MANAGEMENT;PLAN SERVICIO PRUEBA;TESTER PRUEBA UNO;2;;;;;2025-03-12 16:23:29;SERVICIO DE PRUEBA;0
95;CERRADO;217;PRUEBA PRUEBA ;PRUEBA PRUEBA ;PRUEBASIKA1;2025-03-12 15:56:46;In coverage;EMERGENCY;CANCELED;VIVIENDA Y ADMIN QA PRUEBA;HOUSING & PROPERTY MANAGEMENT;PLAN SERVICIO PRUEBA;TESTER PRUEBA UNO;3;PRUEBASIKA1;MANUAL;;;2025-03-12 16:23:56;SERVICE NO LONGER NECESSARY;0
95;CERRADO;219;PRUEBA PRUEBA ;PRUEBA PRUEBA ;PRUEBASIKA1;2025-03-12 16:24:23;In coverage;EMERGENCY;CANCELED;VIVIENDA Y ADMIN QA PRUEBA;HOUSING & PROPERTY MANAGEMENT;PLAN SERVICIO PRUEBA;TESTER PRUEBA UNO;3;PRUEBASIKA1;MANUAL;;;2025-03-12 16:57:43;TEST CANCELLATION;0
99;CERRADO;221;a a ;a a ;PRUEBASIKA1;2025-03-13 11:40:56;In coverage;SCHEDULED;CANCELED;VIVIENDA Y ADMIN QA PRUEBA;HOUSING & PROPERTY MANAGEMENT;PLAN SERVICIO PRUEBA;TESTER PRUEBA UNO;2;PRUEBASIKA1;MANUAL;;;2025-03-13 11:41:28;SERVICE NO LONGER NECESSARY;0
100;CERRADO;222;a a ;a a ;PRUEBASIKA1;2025-03-13 11:42:14;In coverage;SCHEDULED;CANCELED;VIVIENDA Y ADMIN QA PRUEBA;HOUSING & PROPERTY MANAGEMENT;PLAN SERVICIO PRUEBA;TESTER PRUEBA UNO;2;PRUEBASIKA1;MANUAL;;;2025-03-13 11:42:43;SERVICE NO LONGER NECESSARY;0
96;CERRADO;220;ALEJANDRO NARRO ;ALEJANDRO NARRO ;DPOSSO;2025-03-13 11:11:53;In coverage;EMERGENCY;CANCELED;HOUSING AND ADMIN;HOUSING & PROPERTY MANAGEMENT;RESIDENTS DISTRICT 1;DISTRICT 1;2;;;;;2025-03-13 12:06:54;SERVICIO DE PRUEBA;0
94;CERRADO;215;DIEGO POSSO ;DIEGO POSSO ;DPOSSO;2025-03-12 14:22:34;In coverage;EMERGENCY;CANCELED;HOUSING AND ADMIN;HOUSING & PROPERTY MANAGEMENT;RESIDENTS DISTRICT 1;DISTRICT 1;3;DPOSSO;ANCLAJE APP SOA;;;2025-03-13 12:08:02;SERVICE NO LONGER NECESSARY;0
94;CERRADO;216;DIEGO POSSO ;DIEGO POSSO ;DPOSSO;2025-03-12 14:25:22;In coverage;EMERGENCY;CANCELED;HOUSING AND ADMIN;HOUSING & PROPERTY MANAGEMENT;RESIDENTS DISTRICT 1;DISTRICT 1;2;;;;;2025-03-13 12:08:14;SERVICIO DE PRUEBA;0
35;CERRADO;124;qa qa ;qa qa ;NATALYC;2025-01-23 15:54:43;IN COURTESY;EMERGENCY;CANCELED;qa testing services plan;TEST SERVICE;SOPORTE PLAN 2;CUENTA SOPORTE 2;2;;;;;2025-03-13 12:08:58;SERVICE NO LONGER NECESSARY;0
71;CERRADO;186;DIEGO POSSO ;DIEGO POSSO ;DPOSSO;2025-02-28 10:50:35;In coverage;EMERGENCY;CANCELED;PLOMERÍA;HOGAR - PLOMERÍA;HOGAR LA FLORIDA;MCS LA FLORIDA;2;;;;;2025-03-13 12:09:20;SERVICE NO LONGER NECESSARY;0
77;CERRADO;197;Diego Posso ;Diego Posso ;DPOSSO;2025-03-10 12:11:55;In coverage;EMERGENCY;CANCELED;WASTE;WASTE MANAGEMENT;RESIDENTS DISTRICT 1;DISTRICT 1;2;;;;;2025-03-13 12:09:48;SERVICIO DE PRUEBA;0
77;CERRADO;202;Diego Posso ;Diego Posso ;DPOSSO;2025-03-10 14:05:43;In coverage;EMERGENCY;CANCELED;INFRASTRUCTURE;URBAN INFRASTRUCTURE & MAINTENANCE;RESIDENTS DISTRICT 1;DISTRICT 1;2;;;;;2025-03-13 12:10:08;SERVICIO DE PRUEBA;0
77;CERRADO;201;Diego Posso ;Diego Posso ;DPOSSO;2025-03-10 13:55:06;In coverage;EMERGENCY;CANCELED;GENERAL INFORMATION;GENERAL INFORMATION;RESIDENTS DISTRICT 1;DISTRICT 1;2;;;;;2025-03-13 12:10:24;SERVICIO DE PRUEBA;0
77;CERRADO;200;Diego Posso ;Diego Posso ;DPOSSO;2025-03-10 13:54:31;In coverage;EMERGENCY;CANCELED;WASTE;WASTE MANAGEMENT;RESIDENTS DISTRICT 1;DISTRICT 1;2;;;;;2025-03-13 12:10:41;SERVICIO DE PRUEBA;0
77;CERRADO;199;Diego Posso ;Diego Posso ;DPOSSO;2025-03-10 13:52:24;In coverage;EMERGENCY;CANCELED;WASTE;WASTE MANAGEMENT;RESIDENTS DISTRICT 1;DISTRICT 1;2;;;;;2025-03-13 12:10:59;SERVICIO DE PRUEBA;0
77;CERRADO;198;Diego Posso ;Diego Posso ;DPOSSO;2025-03-10 12:18:44;In coverage;EMERGENCY;CANCELED;CLEANING;WATER MANAGEMENT;RESIDENTS DISTRICT 1;DISTRICT 1;2;;;;;2025-03-13 12:11:17;SERVICIO DE PRUEBA;0
79;CERRADO;207;DEIGO POSSO ;DIEGO POSSO ;DPOSSO;2025-03-10 14:42:13;In coverage;EMERGENCY;CANCELED;GENERAL INFORMATION;GENERAL INFORMATION;RESIDENTS DISTRICT 1;DISTRICT 1;2;;;;;2025-03-13 12:11:22;SERVICIO DE PRUEBA;0
79;CERRADO;206;DEIGO POSSO ;DIEGO POSSO ;DPOSSO;2025-03-10 14:32:44;In coverage;EMERGENCY;CANCELED;WASTE;WASTE MANAGEMENT;RESIDENTS DISTRICT 1;DISTRICT 1;2;;;;;2025-03-13 12:12:28;SERVICIO DE PRUEBA;0
93;CERRADO;214;Eva y Manusia Kammoun;Eva Manusia Kammoun;GASTON-RICO;2025-03-12 12:15:20;In coverage;SCHEDULED;CANCELED;MEETING REQUEST;PERMITS & GOVERNMENTAL PROCEDURES;RESIDENTS DISTRICT 1;DISTRICT 1;4;MIAMI;APP;;;2025-03-13 12:13:30;TEST CANCELLATION;0
79;CERRADO;204;DEIGO POSSO ;DIEGO POSSO ;DPOSSO;2025-03-10 14:25:48;In coverage;EMERGENCY;CANCELED;INFRASTRUCTURE;URBAN INFRASTRUCTURE & MAINTENANCE;RESIDENTS DISTRICT 1;DISTRICT 1;2;;;;;2025-03-13 12:14:53;SERVICIO DE PRUEBA;0
79;CERRADO;203;DEIGO POSSO ;DIEGO POSSO ;DPOSSO;2025-03-10 14:24:03;In coverage;EMERGENCY;CANCELED;GENERAL INFORMATION;GENERAL INFORMATION;RESIDENTS DISTRICT 1;DISTRICT 1;2;;;;;2025-03-13 12:15:18;SERVICIO DE PRUEBA;0
79;CERRADO;208;DEIGO POSSO ;DIEGO POSSO ;DPOSSO;2025-03-10 15:50:23;In coverage;EMERGENCY;CANCELED;INFRASTRUCTURE;URBAN INFRASTRUCTURE & MAINTENANCE;RESIDENTS DISTRICT 1;DISTRICT 1;8;DPOSSO;ANCLAJE BASE;;;2025-03-13 12:15:33;SERVICE NO LONGER NECESSARY;0
29;CERRADO;115;TEST TEST ;TEST TEST ;NATALYC;2025-01-08 15:54:41;In coverage;EMERGENCY;CANCELED;VEHICLE MECANIC TEST;IKATECH REMOLQUE VEHICULAR;PLAN SOPORTE;PRUEBAS SOPORTE;2;;;;;2025-03-13 12:51:20;SERVICE NO LONGER NECESSARY;0
104;CERRADO;225;PRUEBA PRUEBA ;PRUEBA PRUEBA ;PRUEBASIKA1;2025-03-13 14:09:47;In coverage;EMERGENCY;CANCELED;VIVIENDA Y ADMIN QA PRUEBA;HOUSING & PROPERTY MANAGEMENT;PLAN SERVICIO PRUEBA;TESTER PRUEBA UNO;2;;;;;2025-03-13 14:11:42;SERVICIO DE PRUEBA;0
104;CERRADO;226;PRUEBA PRUEBA ;PRUEBA PRUEBA ;PRUEBASIKA1;2025-03-13 14:15:46;In coverage;EMERGENCY;CANCELED;VIVIENDA Y ADMIN QA PRUEBA;HOUSING & PROPERTY MANAGEMENT;PLAN SERVICIO PRUEBA;TESTER PRUEBA UNO;2;;;;;2025-03-13 14:19:56;SERVICIO DE PRUEBA;0
105;CERRADO;227;Raul Rodriguez ;Raul Rodriguez ;ALJ-NARRO;2025-03-13 15:05:37;In coverage;EMERGENCY;CANCELED;WASTE;WASTE MANAGEMENT;RESIDENTS DISTRICT 1;DISTRICT 1;3;ALJ-NARRO;ANCLAJE APP SOA;;;2025-03-13 15:08:09;SERVICE NO LONGER NECESSARY;0
103;CERRADO;228;Monica Medina ;Monica Medina ;DPOSSO;2025-03-13 16:01:00;In coverage;EMERGENCY;CANCELED;PUBLIC SECURITY;PUBLIC SAFETY & EMERGENCY SERVICES;RESIDENTS DISTRICT 1;DISTRICT 1;2;PRUEBASIKA1;APP;;;2025-03-13 17:30:39;SERVICE NO LONGER NECESSARY;0
104;CERRADO;229;PRUEBA PRUEBA ;PRUEBA PRUEBA ;PRUEBASIKA1;2025-03-13 17:37:21;In coverage;EMERGENCY;CANCELED;VIVIENDA Y ADMIN QA PRUEBA;HOUSING & PROPERTY MANAGEMENT;PLAN SERVICIO PRUEBA;TESTER PRUEBA UNO;2;;;;;2025-03-13 17:38:15;SERVICIO DE PRUEBA;0
104;CERRADO;230;PRUEBA PRUEBA ;PRUEBA PRUEBA ;PRUEBASIKA1;2025-03-13 17:39:24;In coverage;EMERGENCY;CANCELED;VIVIENDA Y ADMIN QA PRUEBA;HOUSING & PROPERTY MANAGEMENT;PLAN SERVICIO PRUEBA;TESTER PRUEBA UNO;2;;;;;2025-03-13 18:06:37;SERVICIO DE PRUEBA;0
107;CERRADO;232;Raul Rodriguez ;Raul Rodriguez ;ALJ-NARRO;2025-03-14 09:57:21;In coverage;EMERGENCY;CANCELED;WASTE;WASTE MANAGEMENT;RESIDENTS DISTRICT 1;DISTRICT 1;2;;;;;2025-03-14 09:57:46;SERVICIO DE PRUEBA;0
108;CERRADO;233;Ulpy Ruiz ;Ulpy Ruiz ;ALJ-NARRO;2025-03-14 10:45:23;In coverage;EMERGENCY;CANCELED;INFRASTRUCTURE;URBAN INFRASTRUCTURE & MAINTENANCE;RESIDENTS DISTRICT 1;DISTRICT 1;4;ALJ-NARRO;ANCLAJE APP SOA;;;2025-03-14 10:52:05;SERVICE NO LONGER NECESSARY;0
111;CERRADO;237;PRUEBA PRUEBA ;PRUEBA PRUEBA ;PRUEBASIKA1;2025-03-14 12:27:25;In coverage;EMERGENCY;CANCELED;WASTE;WASTE MANAGEMENT;RESIDENTS DISTRICT 1;DISTRICT 1;2;;;;;2025-03-14 12:44:27;SERVICIO DE PRUEBA;0
106;CERRADO;239;Ulpy Ruiz ;Raul Miro ;DPOSSO;2025-03-14 12:45:20;In coverage;EMERGENCY;CANCELED;WASTE;WASTE MANAGEMENT;RESIDENTS DISTRICT 1;DISTRICT 1;2;;;;;2025-03-14 12:48:01;SERVICIO DE PRUEBA;0
106;CERRADO;231;Ulpy Ruiz ;Raul Miro ;GASTON-RICO;2025-03-14 09:09:50;In coverage;EMERGENCY;CANCELED;WASTE;WASTE MANAGEMENT;RESIDENTS DISTRICT 1;DISTRICT 1;4;GASTON-R;APP;;;2025-03-14 12:48:29;SERVICE NO LONGER NECESSARY;0
103;CERRADO;224;Monica Medina ;Monica Medina ;DPOSSO;2025-03-13 14:07:52;In coverage;EMERGENCY;CANCELED;MEETING REQUEST;PERMITS & GOVERNMENTAL PROCEDURES;RESIDENTS DISTRICT 1;DISTRICT 1;2;;;;;2025-03-14 12:48:48;SERVICIO DE PRUEBA;0
111;CERRADO;238;PRUEBA PRUEBA ;PRUEBA PRUEBA ;PRUEBASIKA1;2025-03-14 12:44:53;In coverage;EMERGENCY;CANCELED;WASTE;WASTE MANAGEMENT;RESIDENTS DISTRICT 1;DISTRICT 1;2;;;;;2025-03-14 14:07:10;SERVICIO DE PRUEBA;0
113;CERRADO;241;Raul Rodriguez ;Raul Rodriguez ;alexsly1;2025-03-14 15:05:19;In coverage;EMERGENCY;CANCELED;PUBLIC SECURITY;PUBLIC SAFETY & EMERGENCY SERVICES;RESIDENTS DISTRICT 1;DISTRICT 1;2;alexsly1;MANUAL;;;2025-03-17 08:27:45;SERVICE NO LONGER NECESSARY;0
109;ABIERTO;234;DIEGO POSSO ;DIEGO POSSO ;DPOSSO;2025-03-14 11:11:56;In coverage;EMERGENCY;CANCELED;PUBLIC SECURITY;PUBLIC SAFETY & EMERGENCY SERVICES;RESIDENTS DISTRICT 1;DISTRICT 1;2;DPOSSO;ANCLAJE APP SOA;;;2025-03-17 08:29:35;TEST CANCELLATION;0
117;ABIERTO;244;Monica Medina ;Monica Medina ;ALJ-NARRO;2025-03-17 09:17:37;In coverage;EMERGENCY;CANCELED;MEETING REQUEST;PERMITS & GOVERNMENTAL PROCEDURES;RESIDENTS DISTRICT 1;DISTRICT 1;2;ALJ-NARRO;MANUAL;;;2025-03-17 09:19:04;TEST CANCELLATION;0
119;ABIERTO;247;Raul Rodriguez ;Raul Rodriguez ;alexsly1;2025-03-17 10:46:33;In coverage;EMERGENCY;CANCELED;PUBLIC SECURITY;PUBLIC SAFETY & EMERGENCY SERVICES;RESIDENTS DISTRICT 1;DISTRICT 1;2;alexsly1;ANCLAJE APP SOA;;;2025-03-17 11:16:11;TEST CANCELLATION;0
124;CERRADO;249;a a ;a a ;PRUEBASIKA1;2025-03-18 17:31:18;In coverage;SCHEDULED;CANCELED;CERRAJERÍA;HOGAR - CERRAJERÍA;PRUEBA PLAN MD;PRUEBA MD;2;PRUEBASIKA1;ANCLAJE BASE;;;2025-03-18 17:32:53;PROVEEDOR MAL ASIGNADO;0
124;CERRADO;250;a a ;a a ;PRUEBASIKA1;2025-03-18 17:33:19;In coverage;SCHEDULED;CANCELED;CERRAJERÍA;HOGAR - CERRAJERÍA;PRUEBA PLAN MD;PRUEBA MD;2;PRUEBASIKA1;ANCLAJE BASE;;;2025-03-18 17:33:36;PROVEEDOR MAL ASIGNADO;0
124;CERRADO;251;a a ;a a ;PRUEBASIKA1;2025-03-18 17:33:59;In coverage;SCHEDULED;CANCELED;CERRAJERÍA;HOGAR - CERRAJERÍA;PRUEBA PLAN MD;PRUEBA MD;2;PRUEBASIKA1;ANCLAJE BASE;;;2025-03-18 17:34:17;PROVEEDOR MAL ASIGNADO;0
125;ABIERTO;254;PRUEBA PRUEBA ;PRUEBA PRUEBA ;userapp;2025-03-26 13:31:08;In coverage;EMERGENCY;CANCELED;WASTE;WASTE MANAGEMENT;IKATECH PLAN 1;PRUEBAS GENERALES1;6;KMUSA;APP;;;2025-03-26 16:15:48;TEST CANCEL APP SIX;0
127;CERRADO;256;PRUEBA PRUEBA ;PRUEBA PRUEBA ;idiomaika;2025-04-15 17:50:27;In coverage;EMERGENCY;CANCELED;WASTE;WASTE MANAGEMENT;IKATECH PLAN 1;PRUEBAS GENERALES1;2;;;;;2025-04-16 08:20:46;TEST NO ACETP SERVICE FIVE;0
127;CERRADO;256;PRUEBA PRUEBA ;PRUEBA PRUEBA ;idiomaika;2025-04-15 17:50:27;In coverage;EMERGENCY;CANCELED;WASTE;WASTE MANAGEMENT;IKATECH PLAN 1;PRUEBAS GENERALES1;2;;;;;2025-04-16 08:20:46;SERVICIO DE PRUEBA;0
128;CERRADO;258;PRUEBA PRUEBA ;PRUEBA PRUEBA ;idiomaika;2025-04-23 11:52:25;In coverage;EMERGENCY;CANCELED;ELECTRICIDAD;HOGAR - ELECTRICIDAD;PRUEBA PLAN MD;PRUEBA MD;3;TRAD1;APP;;;2025-04-23 14:14:12;TEST NO ACETP SERVICE FIVE;0
128;CERRADO;259;PRUEBA PRUEBA ;PRUEBA PRUEBA ;idiomaika;2025-04-23 12:31:19;In coverage;SCHEDULED;CANCELED;CERRAJERÍA;HOGAR - CERRAJERÍA;PRUEBA PLAN MD;PRUEBA MD;3;TRAD1;APP;;;2025-04-23 12:55:04;NA YA NO ESTÁ EN EL LUGAR;0
128;CERRADO;260;PRUEBA PRUEBA ;PRUEBA PRUEBA ;idiomaika;2025-04-23 12:41:29;In coverage;SCHEDULED;CANCELED;ELECTRICIDAD;HOGAR - ELECTRICIDAD;PRUEBA PLAN MD;PRUEBA MD;3;testw2;APP;;;2025-04-23 13:21:57;TEST NO ACETP SERVICE FIVE;0
128;CERRADO;260;PRUEBA PRUEBA ;PRUEBA PRUEBA ;idiomaika;2025-04-23 12:41:29;In coverage;SCHEDULED;CANCELED;ELECTRICIDAD;HOGAR - ELECTRICIDAD;PRUEBA PLAN MD;PRUEBA MD;3;testw2;APP;;;2025-04-23 13:21:57;PROVEEDOR MAL ASIGNADO;0
128;CERRADO;258;PRUEBA PRUEBA ;PRUEBA PRUEBA ;idiomaika;2025-04-23 11:52:25;In coverage;EMERGENCY;CANCELED;ELECTRICIDAD;HOGAR - ELECTRICIDAD;PRUEBA PLAN MD;PRUEBA MD;3;TRAD1;APP;;;2025-04-23 14:14:12;NA RESOLVIÓ;0
128;CERRADO;261;PRUEBA PRUEBA ;PRUEBA PRUEBA ;idiomaika;2025-04-23 14:15:49;In coverage;EMERGENCY;CANCELED;ELECTRICIDAD;HOGAR - ELECTRICIDAD;PRUEBA PLAN MD;PRUEBA MD;3;TRAD1;APP;;;2025-04-23 14:46:58;SERVICIO FUERA DE COBERTURA;0
128;CERRADO;263;PRUEBA PRUEBA ;PRUEBA PRUEBA ;idiomaika;2025-04-23 14:57:17;In coverage;SCHEDULED;CANCELED;ELECTRICIDAD;HOGAR - ELECTRICIDAD;PRUEBA PLAN MD;PRUEBA MD;3;idiomaika;ANCLAJE APP SOA;;;2025-04-23 15:05:32;PROVEEDOR MAL ASIGNADO;0
128;CERRADO;264;PRUEBA PRUEBA ;PRUEBA PRUEBA ;idiomaika;2025-04-23 15:14:08;In coverage;SCHEDULED;CANCELED;ELECTRICIDAD;HOGAR - ELECTRICIDAD;PRUEBA PLAN MD;PRUEBA MD;3;idiomaika;ANCLAJE APP SOA;;;2025-04-23 16:10:15;NA RESOLVIÓ;0
128;CERRADO;266;PRUEBA PRUEBA ;PRUEBA PRUEBA ;idiomaika;2025-04-23 15:18:12;In coverage;EMERGENCY;CANCELED;ELECTRICIDAD;HOGAR - ELECTRICIDAD;PRUEBA PLAN MD;PRUEBA MD;3;TRAD1;APP;;;2025-04-23 16:13:43;PROVEEDOR MAL ASIGNADO;0
128;CERRADO;268;PRUEBA PRUEBA ;PRUEBA PRUEBA ;idiomaika;2025-04-23 15:31:32;In coverage;EMERGENCY;CONCLUDED;CERRAJERÍA;HOGAR - CERRAJERÍA;PRUEBA PLAN MD;PRUEBA MD;10;idiomaika;ANCLAJE APP SOA;;2025-04-24 09:38:24;2025-04-23 16:18:18;cancelacion app;0
128;CERRADO;268;PRUEBA PRUEBA ;PRUEBA PRUEBA ;idiomaika;2025-04-23 15:31:32;In coverage;EMERGENCY;CONCLUDED;CERRAJERÍA;HOGAR - CERRAJERÍA;PRUEBA PLAN MD;PRUEBA MD;10;idiomaika;ANCLAJE APP SOA;2025-04-23 18:01:12;2025-04-24 09:38:24;2025-04-23 16:18:18;cancelacion app;0
128;CERRADO;273;PRUEBA PRUEBA ;PRUEBA PRUEBA ;idiomaika;2025-04-24 09:53:40;In coverage;EMERGENCY;CONCLUDED;GRUAS PRUEBA;Hogar prueba;PRUEBA PLAN MD;PRUEBA MD;10;testw2;APP;2025-04-24 10:09:42;2025-04-24 11:30:13;;TEST NO ACETP SERVICE FIVE;0
128;CERRADO;274;PRUEBA PRUEBA ;PRUEBA PRUEBA ;idiomaika;2025-04-24 11:34:54;In coverage;SCHEDULED;CANCELED;GRUAS PRUEBA;Hogar prueba;PRUEBA PLAN MD;PRUEBA MD;4;idiomaika;ANCLAJE APP SOA;;;2025-04-24 12:32:59;TEST CANCELLATION;0
128;CERRADO;271;PRUEBA PRUEBA ;PRUEBA PRUEBA ;idiomaika;2025-04-23 16:13:01;In coverage;EMERGENCY;CANCELED;PLOMERÍA;WASTE MANAGEMENT;PRUEBA PLAN MD;PRUEBA MD;10;idiomaika;ANCLAJE APP SOA;2025-04-24 11:52:36;;2025-04-24 12:54:23;SERVICIO DE PRUEBA;0
128;CERRADO;277;PRUEBA PRUEBA ;PRUEBA PRUEBA ;idiomaika;2025-04-24 12:55:10;In coverage;EMERGENCY;CANCELED;GRUAS PRUEBA;Hogar prueba;PRUEBA PLAN MD;PRUEBA MD;3;TRAD1;APP;;;2025-04-24 14:01:59;TEST CANCELLATION;0
128;CERRADO;282;PRUEBA PRUEBA ;PRUEBA PRUEBA ;idiomaika;2025-04-24 14:50:17;In coverage;SCHEDULED;CANCELED;PRUEBA VIDEO CALL;HOGAR - CERRAJERÍA;PRUEBA PLAN MD;PRUEBA MD;2;idiomaika;MANUAL;;;2025-04-24 14:51:28;TEST CANCELLATION;0
128;CERRADO;281;PRUEBA PRUEBA ;PRUEBA PRUEBA ;idiomaika;2025-04-24 14:40:50;In coverage;EMERGENCY;CANCELED;PLOMERÍA;WASTE MANAGEMENT;PRUEBA PLAN MD;PRUEBA MD;9;TRAD1;APP;2025-04-24 14:50:36;;2025-04-24 14:54:20;TEST CANCELLATION;0
131;ABIERTO;288;PRUEBA PRUEBA ;PRUEBA PRUEBA ;idiomaika;2025-04-24 15:36:38;In coverage;SCHEDULED;CANCELED;PRUEBA VIDEO CALL;HOGAR - CERRAJERÍA;PRUEBA PLAN MD;PRUEBA MD;10;TRAD1;APP;;;2025-04-24 15:41:14;TEST CANCELLATION;0
131;ABIERTO;290;PRUEBA PRUEBA ;PRUEBA PRUEBA ;idiomaika;2025-04-24 15:41:53;In coverage;SCHEDULED;CANCELED;PRUEBA VIDEO CALL;HOGAR - CERRAJERÍA;PRUEBA PLAN MD;PRUEBA MD;10;TRAD1;APP;;;2025-04-24 15:43:46;TEST CANCELLATION;0
131;ABIERTO;292;PRUEBA PRUEBA ;PRUEBA PRUEBA ;idiomaika;2025-04-24 16:08:10;In coverage;EMERGENCY;CANCELED;ELECTRICIDAD;HOGAR - ELECTRICIDAD;PRUEBA PLAN MD;PRUEBA MD;3;TRAD1;APP;;;2025-04-24 16:10:34;TEST CANCELLATION;0
131;ABIERTO;293;PRUEBA PRUEBA ;PRUEBA PRUEBA ;idiomaika;2025-04-24 16:22:25;In coverage;SCHEDULED;CANCELED;PRUEBA VIDEO CALL;HOGAR - CERRAJERÍA;PRUEBA PLAN MD;PRUEBA MD;10;idiomaika;ANCLAJE APP SOA;;;2025-04-24 16:26:24;TEST CANCELLATION;0
131;ABIERTO;295;PRUEBA PRUEBA ;PRUEBA PRUEBA ;idiomaika;2025-04-24 17:34:30;In coverage;EMERGENCY;CANCELED;PLOMERÍA;WASTE MANAGEMENT;PRUEBA PLAN MD;PRUEBA MD;3;idiomaika;APP;;;2025-04-24 17:41:11;SERVICE NO LONGER NECESSARY;0
131;ABIERTO;295;PRUEBA PRUEBA ;PRUEBA PRUEBA ;idiomaika;2025-04-24 17:34:30;In coverage;EMERGENCY;CANCELED;PLOMERÍA;WASTE MANAGEMENT;PRUEBA PLAN MD;PRUEBA MD;3;idiomaika;APP;;;2025-04-24 17:41:11;SERVICE NO LONGER NECESSARY;0
131;ABIERTO;296;PRUEBA PRUEBA ;PRUEBA PRUEBA ;idiomaika;2025-04-24 17:37:04;In coverage;EMERGENCY;CANCELED;PLOMERÍA;WASTE MANAGEMENT;PRUEBA PLAN MD;PRUEBA MD;3;idiomaika;APP;;;2025-04-24 17:41:49;TEST CANCELLATION;0
131;ABIERTO;296;PRUEBA PRUEBA ;PRUEBA PRUEBA ;idiomaika;2025-04-24 17:37:04;In coverage;EMERGENCY;CANCELED;PLOMERÍA;WASTE MANAGEMENT;PRUEBA PLAN MD;PRUEBA MD;3;idiomaika;APP;;;2025-04-24 17:41:49;TEST CANCELLATION;0
131;ABIERTO;297;PRUEBA PRUEBA ;PRUEBA PRUEBA ;idiomaika;2025-04-25 10:32:58;In coverage;EMERGENCY;CANCELED;ELECTRICIDAD;HOGAR - ELECTRICIDAD;PRUEBA PLAN MD;PRUEBA MD;2;idiomaika;ANCLAJE APP SOA;;;2025-04-25 10:53:40;pruebaaaaaaa;0
132;ABIERTO;298;prueba usa ;prueba usa ;userapp;2025-04-25 13:40:35;In coverage;EMERGENCY;CANCELED;ELECTRICIDAD;HOGAR - ELECTRICIDAD;PRUEBA PLAN MD;PRUEBA MD;2;;;;;2025-04-25 13:46:04;SERVICIO DE PRUEBA;0
132;ABIERTO;301;prueba usa ;prueba usa ;userapp;2025-04-25 13:55:55;In coverage;EMERGENCY;CANCELED;CERRAJERÍA;HOGAR - CERRAJERÍA;PRUEBA PLAN MD;PRUEBA MD;2;;;;;2025-04-28 08:52:42;SERVICIO DE PRUEBA;0
132;ABIERTO;300;prueba usa ;prueba usa ;userapp;2025-04-25 13:47:17;In coverage;EMERGENCY;CANCELED;ELECTRICIDAD;HOGAR - ELECTRICIDAD;PRUEBA PLAN MD;PRUEBA MD;2;;;;;2025-04-28 08:53:36;SERVICIO DE PRUEBA;0
132;ABIERTO;302;prueba usa ;prueba usa ;userapp;2025-04-25 13:58:19;In coverage;EMERGENCY;CANCELED;CERRAJERÍA;HOGAR - CERRAJERÍA;PRUEBA PLAN MD;PRUEBA MD;2;;;;;2025-04-28 08:54:12;SERVICIO DE PRUEBA;0
136;CERRADO;309;test 1 ;test 1 ;JUANBER3;2025-04-29 09:18:51;In coverage;EMERGENCY;CANCELED;PLOMERÍA;WASTE MANAGEMENT;PRUEBA PLAN MD;PRUEBA MD;10;JUANBER3;APP;2025-04-29 09:35:12;;2025-04-29 09:37:56;SERVICIO DE PRUEBA;0
139;CERRADO;317;IKATECH PRUEBA IKATECH PRUEBA ;IKATECH PRUEBA IKATECH PRUEBA ;idiomaika;2025-04-30 15:37:11;In coverage;SCHEDULED;CANCELED;ELECTRICIDAD;HOGAR - ELECTRICIDAD;PRUEBA PLAN MD;PRUEBA MD;10;idiomaika;ANCLAJE APP SOA;2025-04-30 15:41:08;;2025-04-30 15:41:45;TEST CANCELLATION;0
139;CERRADO;322;IKATECH PRUEBA IKATECH PRUEBA ;IKATECH PRUEBA IKATECH PRUEBA ;idiomaika;2025-04-30 17:11:16;In coverage;SCHEDULED;CANCELED;PRUEBA VIDEO CALL;HOGAR - CERRAJERÍA;PRUEBA PLAN MD;PRUEBA MD;10;idiomaika;ANCLAJE APP SOA;;;2025-05-02 09:00:53;TEST CANCELLATION;0
139;CERRADO;323;IKATECH PRUEBA IKATECH PRUEBA ;IKATECH PRUEBA IKATECH PRUEBA ;idiomaika;2025-05-02 09:01:18;In coverage;SCHEDULED;CANCELED;PRUEBA VIDEO CALL;HOGAR - CERRAJERÍA;PRUEBA PLAN MD;PRUEBA MD;10;idiomaika;ANCLAJE APP SOA;;;2025-05-02 09:28:49;TEST CANCELLATION;0
139;CERRADO;324;IKATECH PRUEBA IKATECH PRUEBA ;IKATECH PRUEBA IKATECH PRUEBA ;idiomaika;2025-05-02 09:29:03;In coverage;SCHEDULED;CANCELED;PRUEBA VIDEO CALL;HOGAR - CERRAJERÍA;PRUEBA PLAN MD;PRUEBA MD;10;idiomaika;ANCLAJE APP SOA;;;2025-05-02 09:38:19;TEST CANCELLATION;0
139;CERRADO;325;IKATECH PRUEBA IKATECH PRUEBA ;IKATECH PRUEBA IKATECH PRUEBA ;idiomaika;2025-05-02 09:38:31;In coverage;SCHEDULED;CANCELED;PRUEBA VIDEO CALL;HOGAR - CERRAJERÍA;PRUEBA PLAN MD;PRUEBA MD;10;idiomaika;ANCLAJE APP SOA;;;2025-05-02 09:42:27;TEST CANCELLATION;0
139;CERRADO;326;IKATECH PRUEBA IKATECH PRUEBA ;IKATECH PRUEBA IKATECH PRUEBA ;idiomaika;2025-05-02 09:43:06;In coverage;SCHEDULED;CANCELED;PRUEBA VIDEO CALL;HOGAR - CERRAJERÍA;PRUEBA PLAN MD;PRUEBA MD;10;idiomaika;ANCLAJE APP SOA;;;2025-05-02 09:49:28;TEST CANCELLATION;0
139;CERRADO;327;IKATECH PRUEBA IKATECH PRUEBA ;IKATECH PRUEBA IKATECH PRUEBA ;idiomaika;2025-05-02 09:49:42;In coverage;SCHEDULED;CANCELED;PRUEBA VIDEO CALL;HOGAR - CERRAJERÍA;PRUEBA PLAN MD;PRUEBA MD;10;idiomaika;ANCLAJE APP SOA;;;2025-05-02 09:51:56;TEST CANCELLATION;0
139;CERRADO;328;IKATECH PRUEBA IKATECH PRUEBA ;IKATECH PRUEBA IKATECH PRUEBA ;idiomaika;2025-05-02 09:52:13;In coverage;SCHEDULED;CANCELED;PRUEBA VIDEO CALL;HOGAR - CERRAJERÍA;PRUEBA PLAN MD;PRUEBA MD;10;idiomaika;ANCLAJE APP SOA;;;2025-05-02 09:53:30;TEST CANCELLATION;0
139;CERRADO;329;IKATECH PRUEBA IKATECH PRUEBA ;IKATECH PRUEBA IKATECH PRUEBA ;idiomaika;2025-05-02 09:53:59;In coverage;SCHEDULED;CANCELED;PRUEBA VIDEO CALL;HOGAR - CERRAJERÍA;PRUEBA PLAN MD;PRUEBA MD;10;idiomaika;ANCLAJE APP SOA;;;2025-05-02 11:51:01;TEST CANCELLATION;0
139;CERRADO;330;IKATECH PRUEBA IKATECH PRUEBA ;IKATECH PRUEBA IKATECH PRUEBA ;idiomaika;2025-05-02 11:51:16;In coverage;SCHEDULED;CANCELED;PRUEBA VIDEO CALL;HOGAR - CERRAJERÍA;PRUEBA PLAN MD;PRUEBA MD;10;idiomaika;ANCLAJE APP SOA;;;2025-05-02 11:57:02;TEST CANCELLATION;0
139;CERRADO;331;IKATECH PRUEBA IKATECH PRUEBA ;IKATECH PRUEBA IKATECH PRUEBA ;idiomaika;2025-05-02 11:57:29;In coverage;SCHEDULED;CANCELED;PRUEBA VIDEO CALL;HOGAR - CERRAJERÍA;PRUEBA PLAN MD;PRUEBA MD;10;idiomaika;ANCLAJE APP SOA;;;2025-05-02 12:02:11;TEST CANCELLATION;0
139;CERRADO;332;IKATECH PRUEBA IKATECH PRUEBA ;IKATECH PRUEBA IKATECH PRUEBA ;idiomaika;2025-05-02 12:03:01;In coverage;SCHEDULED;CANCELED;PRUEBA VIDEO CALL;HOGAR - CERRAJERÍA;PRUEBA PLAN MD;PRUEBA MD;10;idiomaika;ANCLAJE APP SOA;;;2025-05-02 12:32:37;TEST CANCELLATION;0
139;CERRADO;334;IKATECH PRUEBA IKATECH PRUEBA ;IKATECH PRUEBA IKATECH PRUEBA ;idiomaika;2025-05-02 12:34:12;In coverage;SCHEDULED;CANCELED;PRUEBA VIDEO CALL;HOGAR - CERRAJERÍA;PRUEBA PLAN MD;PRUEBA MD;10;idiomaika;ANCLAJE APP SOA;;;2025-05-02 12:47:15;TEST CANCELLATION;0
139;CERRADO;333;IKATECH PRUEBA IKATECH PRUEBA ;IKATECH PRUEBA IKATECH PRUEBA ;idiomaika;2025-05-02 12:32:54;In coverage;SCHEDULED;CANCELED;PRUEBA VIDEO CALL;HOGAR - CERRAJERÍA;PRUEBA PLAN MD;PRUEBA MD;10;idiomaika;ANCLAJE APP SOA;;;2025-05-02 12:47:33;TEST CANCELLATION;0
139;CERRADO;336;IKATECH PRUEBA IKATECH PRUEBA ;IKATECH PRUEBA IKATECH PRUEBA ;idiomaika;2025-05-02 12:48:47;In coverage;SCHEDULED;CANCELED;PRUEBA VIDEO CALL;HOGAR - CERRAJERÍA;PRUEBA PLAN MD;PRUEBA MD;10;idiomaika;ANCLAJE APP SOA;;;2025-05-02 14:08:44;TEST CANCELLATION;0
139;CERRADO;335;IKATECH PRUEBA IKATECH PRUEBA ;IKATECH PRUEBA IKATECH PRUEBA ;idiomaika;2025-05-02 12:48:15;In coverage;SCHEDULED;CANCELED;PRUEBA VIDEO CALL;HOGAR - CERRAJERÍA;PRUEBA PLAN MD;PRUEBA MD;10;idiomaika;ANCLAJE APP SOA;;;2025-05-02 14:09:06;TEST CANCELLATION;0
139;CERRADO;338;IKATECH PRUEBA IKATECH PRUEBA ;IKATECH PRUEBA IKATECH PRUEBA ;idiomaika;2025-05-02 14:10:50;In coverage;SCHEDULED;CANCELED;PRUEBA VIDEO CALL;HOGAR - CERRAJERÍA;PRUEBA PLAN MD;PRUEBA MD;10;idiomaika;ANCLAJE APP SOA;;;2025-05-02 14:14:38;TEST CANCELLATION;0
139;CERRADO;339;IKATECH PRUEBA IKATECH PRUEBA ;IKATECH PRUEBA IKATECH PRUEBA ;idiomaika;2025-05-02 14:19:40;In coverage;SCHEDULED;CANCELED;PRUEBA VIDEO CALL;HOGAR - CERRAJERÍA;PRUEBA PLAN MD;PRUEBA MD;10;idiomaika;ANCLAJE APP SOA;;;2025-05-02 14:25:47;TEST CANCELLATION;0
139;CERRADO;340;IKATECH PRUEBA IKATECH PRUEBA ;IKATECH PRUEBA IKATECH PRUEBA ;idiomaika;2025-05-02 14:26:18;In coverage;SCHEDULED;CANCELED;PRUEBA VIDEO CALL;HOGAR - CERRAJERÍA;PRUEBA PLAN MD;PRUEBA MD;10;idiomaika;ANCLAJE APP SOA;;;2025-05-02 14:32:11;TEST CANCELLATION;0
139;CERRADO;341;IKATECH PRUEBA IKATECH PRUEBA ;IKATECH PRUEBA IKATECH PRUEBA ;idiomaika;2025-05-02 14:33:17;In coverage;SCHEDULED;CANCELED;PRUEBA VIDEO CALL;HOGAR - CERRAJERÍA;PRUEBA PLAN MD;PRUEBA MD;10;idiomaika;ANCLAJE APP SOA;;;2025-05-02 14:36:02;TEST CANCELLATION;0
139;CERRADO;342;IKATECH PRUEBA IKATECH PRUEBA ;IKATECH PRUEBA IKATECH PRUEBA ;idiomaika;2025-05-02 14:36:18;In coverage;SCHEDULED;CANCELED;PRUEBA VIDEO CALL;HOGAR - CERRAJERÍA;PRUEBA PLAN MD;PRUEBA MD;10;idiomaika;ANCLAJE APP SOA;;;2025-05-02 14:37:23;TEST CANCELLATION;0
139;CERRADO;343;IKATECH PRUEBA IKATECH PRUEBA ;IKATECH PRUEBA IKATECH PRUEBA ;idiomaika;2025-05-02 14:38:03;In coverage;SCHEDULED;CANCELED;PRUEBA VIDEO CALL;HOGAR - CERRAJERÍA;PRUEBA PLAN MD;PRUEBA MD;10;idiomaika;ANCLAJE APP SOA;;;2025-05-02 14:39:23;TEST CANCELLATION;0
139;CERRADO;344;IKATECH PRUEBA IKATECH PRUEBA ;IKATECH PRUEBA IKATECH PRUEBA ;idiomaika;2025-05-02 14:39:49;In coverage;SCHEDULED;CANCELED;PRUEBA VIDEO CALL;HOGAR - CERRAJERÍA;PRUEBA PLAN MD;PRUEBA MD;10;idiomaika;ANCLAJE APP SOA;;;2025-05-02 14:47:09;TEST CANCELLATION;0
139;CERRADO;345;IKATECH PRUEBA IKATECH PRUEBA ;IKATECH PRUEBA IKATECH PRUEBA ;idiomaika;2025-05-02 14:47:25;In coverage;SCHEDULED;CANCELED;PRUEBA VIDEO CALL;HOGAR - CERRAJERÍA;PRUEBA PLAN MD;PRUEBA MD;10;idiomaika;ANCLAJE APP SOA;;;2025-05-02 15:02:30;TEST CANCELLATION;0
139;CERRADO;346;IKATECH PRUEBA IKATECH PRUEBA ;IKATECH PRUEBA IKATECH PRUEBA ;idiomaika;2025-05-02 15:04:20;In coverage;SCHEDULED;CANCELED;CERRAJERÍA;HOGAR - CERRAJERÍA;PRUEBA PLAN MD;PRUEBA MD;9;idiomaika;ANCLAJE APP SOA;2025-05-02 15:11:42;;2025-05-02 15:13:15;TEST CANCELLATION;0
140;ABIERTO;348;IKATECH PRUEBA prueba ;IKATECH PRUEBA prueba ;idiomaika;2025-05-02 16:10:42;In coverage;SCHEDULED;CANCELED;PRUEBA VIDEO CALL;HOGAR - CERRAJERÍA;PRUEBA PLAN MD;PRUEBA MD;10;idiomaika;ANCLAJE APP SOA;;;2025-05-02 16:13:40;TEST CANCELLATION;0
140;ABIERTO;351;IKATECH PRUEBA prueba ;IKATECH PRUEBA prueba ;idiomaika;2025-05-02 16:32:20;In coverage;EMERGENCY;CANCELED;CERRAJERÍA;HOGAR - CERRAJERÍA;PRUEBA PLAN MD;PRUEBA MD;8;idiomaika;ANCLAJE APP SOA;;;2025-05-05 10:33:19;CLIENTE NO ESTA EN LA RESIDENCIA;0
142;ABIERTO;353;IKATECH PRUEBA IKATECH PRUEBA ;IKATECH PRUEBA IKATECH PRUEBA ;idiomaika;2025-05-05 11:02:19;In coverage;EMERGENCY;CANCELED;CERRAJERÍA;HOGAR - CERRAJERÍA;PRUEBA PLAN MD;PRUEBA MD;10;testw2;APP;2025-05-05 11:06:05;;2025-05-05 11:29:08;SERVICIO DE PRUEBA;0
142;ABIERTO;354;IKATECH PRUEBA IKATECH PRUEBA ;IKATECH PRUEBA IKATECH PRUEBA ;idiomaika;2025-05-05 14:29:20;In coverage;EMERGENCY;CANCELED;CERRAJERÍA;HOGAR - CERRAJERÍA;PRUEBA PLAN MD;PRUEBA MD;10;testw2;APP;2025-05-05 14:44:11;;2025-05-05 15:02:07;SERVICIO DE PRUEBA;0
143;CERRADO;355;PRUEBA PRUEBA ;PRUEBA PRUEBA ;userapp;2025-05-09 08:35:37;In coverage;SCHEDULED;CANCELED;PRUEBA VIDEO CALL;HOGAR - CERRAJERÍA;IKATECH PLAN;PRUEBAS IKATECH;10;idiomaika;MANUAL;;;2025-05-09 09:24:14;TEST CANCELLATION;0
136;CERRADO;311;test 1 ;test 1 ;JUANBER3;2025-04-29 09:24:55;In coverage;SCHEDULED;CANCELED;PLOMERÍA;WASTE MANAGEMENT;PRUEBA PLAN MD;PRUEBA MD;9;TRAD1;APP;2025-04-29 09:38:40;;2025-05-12 12:28:53;TEST CANCELLATION;0
136;CERRADO;310;test 1 ;test 1 ;JUANBER3;2025-04-29 09:23:26;In coverage;EMERGENCY;CANCELED;PLOMERÍA;WASTE MANAGEMENT;PRUEBA PLAN MD;PRUEBA MD;2;;;;;2025-05-12 12:29:14;SERVICIO DE PRUEBA;0
147;CERRADO;359;PRUEBA IKATECH NOMBRE PRUEBA IKATECH PATERNO PRUEBA IKATECH MATERNO;PRUEBA IKATECH NOMBRE PRUEBA IKATECH PATERNO PRUEBA IKATECH MATERNO;idiomaika;2025-05-13 18:16:23;In coverage;EMERGENCY;CANCELED;CERRAJERIA;HOGAR - CERRAJERÍA;PRUEBA IKATECH QA;PRUEBAS IKATECH;2;;;;;2025-05-13 18:16:37;SERVICIO DE PRUEBA;0
148;ABIERTO;360;PRUEBA IKATECH NOMBRE PRUEBA IKATECH PATERNO ;PRUEBA IKATECH NOMBRE PRUEBA IKATECH PATERNO ;idiomaika;2025-05-19 12:53:41;In coverage;EMERGENCY;CONCLUDED;CERRAJERIA PRUEBA;HOGAR - CERRAJERÍA;IKATECH PLAN;PRUEBAS IKATECH;10;testw4;APP;2025-05-19 14:42:08;2025-05-19 14:45:36;;TEST NO ACETP SERVICE FIVE;0
148;ABIERTO;361;PRUEBA IKATECH NOMBRE PRUEBA IKATECH PATERNO ;PRUEBA IKATECH NOMBRE PRUEBA IKATECH PATERNO ;idiomaika;2025-05-19 14:48:16;In coverage;SCHEDULED;CANCELED;CERRAJERIA PRUEBA;HOGAR - CERRAJERÍA;IKATECH PLAN;PRUEBAS IKATECH;3;idiomaika;ANCLAJE APP SOA;;;2025-05-19 15:04:03;pruebaaaaaaa;0
148;ABIERTO;362;PRUEBA IKATECH NOMBRE PRUEBA IKATECH PATERNO ;PRUEBA IKATECH NOMBRE PRUEBA IKATECH PATERNO ;idiomaika;2025-05-19 14:49:49;In coverage;SCHEDULED;CANCELED;CERRAJERIA PRUEBA;HOGAR - CERRAJERÍA;IKATECH PLAN;PRUEBAS IKATECH;3;testw4;APP;;;2025-05-19 15:30:19;pruebaaaaaaa;0
148;ABIERTO;364;PRUEBA IKATECH NOMBRE PRUEBA IKATECH PATERNO ;PRUEBA IKATECH NOMBRE PRUEBA IKATECH PATERNO ;idiomaika;2025-05-19 15:36:37;In coverage;SCHEDULED;CANCELED;CERRAJERIA PRUEBA;HOGAR - CERRAJERÍA;IKATECH PLAN;PRUEBAS IKATECH;3;testw4;APP;;;2025-05-19 15:50:03;pruebaaaaaaa;0
148;ABIERTO;363;PRUEBA IKATECH NOMBRE PRUEBA IKATECH PATERNO ;PRUEBA IKATECH NOMBRE PRUEBA IKATECH PATERNO ;idiomaika;2025-05-19 15:30:49;In coverage;EMERGENCY;CANCELED;CERRAJERIA PRUEBA;HOGAR - CERRAJERÍA;IKATECH PLAN;PRUEBAS IKATECH;10;testw4;APP;2025-05-19 15:46:46;;2025-05-19 15:52:13;SERVICIO DE PRUEBA;0
148;ABIERTO;365;PRUEBA IKATECH NOMBRE PRUEBA IKATECH PATERNO ;PRUEBA IKATECH NOMBRE PRUEBA IKATECH PATERNO ;idiomaika;2025-05-19 15:52:31;In coverage;SCHEDULED;CANCELED;PRUEBA VIDEO CALL;HOGAR - CERRAJERÍA;IKATECH PLAN;PRUEBAS IKATECH;10;testw4;APP;;;2025-05-19 16:49:06;APERTURA EN CUENTA ERRADA;0
148;ABIERTO;366;PRUEBA IKATECH NOMBRE PRUEBA IKATECH PATERNO ;PRUEBA IKATECH NOMBRE PRUEBA IKATECH PATERNO ;idiomaika;2025-05-19 16:57:54;In coverage;EMERGENCY;CANCELED;CERRAJERIA PRUEBA;HOGAR - CERRAJERÍA;IKATECH PLAN;PRUEBAS IKATECH;2;idiomaika;ANCLAJE APP SOA;;;2025-05-19 16:59:32;TEST CANCELLATION;0
148;ABIERTO;367;PRUEBA IKATECH NOMBRE PRUEBA IKATECH PATERNO ;PRUEBA IKATECH NOMBRE PRUEBA IKATECH PATERNO ;idiomaika;2025-05-19 17:00:04;In coverage;EMERGENCY;CANCELED;CERRAJERIA PRUEBA;HOGAR - CERRAJERÍA;IKATECH PLAN;PRUEBAS IKATECH;9;testw4;APP;;;2025-05-19 17:10:12;TEST CANCELLATION;0
148;ABIERTO;368;PRUEBA IKATECH NOMBRE PRUEBA IKATECH PATERNO ;PRUEBA IKATECH NOMBRE PRUEBA IKATECH PATERNO ;idiomaika;2025-05-19 17:10:26;In coverage;EMERGENCY;CANCELED;CERRAJERIA PRUEBA;HOGAR - CERRAJERÍA;IKATECH PLAN;PRUEBAS IKATECH;4;testw4;APP;;;2025-05-19 17:25:48;pruebaaaaaaa;0
148;ABIERTO;369;PRUEBA IKATECH NOMBRE PRUEBA IKATECH PATERNO ;PRUEBA IKATECH NOMBRE PRUEBA IKATECH PATERNO ;idiomaika;2025-05-19 17:54:51;In coverage;EMERGENCY;CANCELED;CERRAJERIA PRUEBA;HOGAR - CERRAJERÍA;IKATECH PLAN;PRUEBAS IKATECH;8;idiomaika;ANCLAJE APP SOA;;;2025-05-20 08:30:19;TEST CANCELLATION;0
152;CERRADO;372;PRUEBA QA ;PRUEBA QA ;PRUEBASIKA1;2025-05-21 16:08:09;In coverage;EMERGENCY;CANCELED;PRUEBA VIDEO CALL;HOGAR - CERRAJERÍA;IKATECH PLAN;PRUEBAS IKATECH;2;;;;;2025-05-21 16:08:28;CLIENTE NO ACEPTA PAGO DE EXCEDENTE;0
152;CERRADO;373;PRUEBA QA ;PRUEBA QA ;PRUEBASIKA1;2025-05-21 16:08:38;In coverage;EMERGENCY;CANCELED;PRUEBA VIDEO CALL;HOGAR - CERRAJERÍA;IKATECH PLAN;PRUEBAS IKATECH;2;;;;;2025-05-21 16:09:30;CLIENTE NO ACEPTA PAGO DE EXCEDENTE;0
163;CERRADO;375;PRUEBA QA ;PRUEBA QA ;PRUEBASIKA1;2025-05-22 14:28:21;In coverage;EMERGENCY;CANCELED;CERRAJERIA PRUEBA;HOGAR - CERRAJERÍA;IKATECH PLAN;PRUEBAS IKATECH;2;;;;;2025-05-22 14:30:37;CLIENTE NO ACEPTA PAGO DE EXCEDENTE;0
164;ABIERTO;376;PRUEBA QA ;PRUEBA QA ;idiomaika;2025-05-22 17:53:27;In coverage;EMERGENCY;CANCELED;CERRAJERIA PRUEBA;HOGAR - CERRAJERÍA;IKATECH PLAN;PRUEBAS IKATECH;3;idiomaika;MANUAL;;;2025-05-22 17:57:46;SERVICIO FUERA DE COBERTURA;0
166;CERRADO;377;PRUEBAS IKATECH ;PRUEBAS IKATECH ;PRUEBASIKA1;2025-05-23 10:49:57;In coverage;EMERGENCY;CANCELED;CERRAJERIA PRUEBA;HOGAR - CERRAJERÍA;IKATECH PLAN;PRUEBAS IKATECH;3;PRUEBASIKA1;MANUAL;;;2025-05-23 10:53:06;CLIENTE INACTIVO;0
166;CERRADO;378;PRUEBAS IKATECH ;PRUEBAS IKATECH ;PRUEBASIKA1;2025-05-23 10:54:49;In coverage;EMERGENCY;CANCELED;CERRAJERIA PRUEBA;HOGAR - CERRAJERÍA;IKATECH PLAN;PRUEBAS IKATECH;4;PRUEBASIKA1;MANUAL;;;2025-05-23 10:56:29;CLIENTE INACTIVO;0
166;CERRADO;379;PRUEBAS IKATECH ;PRUEBAS IKATECH ;PRUEBASIKA1;2025-05-23 10:57:07;In coverage;EMERGENCY;CANCELED;CERRAJERIA PRUEBA;HOGAR - CERRAJERÍA;IKATECH PLAN;PRUEBAS IKATECH;3;PRUEBASIKA1;ANCLAJE APP SOA;;;2025-05-23 10:58:25;SERVICIO FUERA DE COBERTURA;0
167;CERRADO;380;PRUEBA QA ;PRUEBA QA ;PRUEBASIKA1;2025-05-23 11:08:09;In coverage;EMERGENCY;CANCELED;CERRAJERIA;HOGAR - CERRAJERÍA;PRUEBA IKATECH QA;PRUEBAS IKATECH;2;;;;;2025-05-23 11:13:26;SERVICIO DE PRUEBA;0
168;CERRADO;381;PRUEBA IKATECH PRUEBA IKATECH PRUEBA IKATECH;PRUEBA IKATECH PRUEBA IKATECH PRUEBA IKATECH;idiomaika;2025-05-23 12:35:05;In coverage;EMERGENCY;CANCELED;CERRAJERIA PRUEBA;HOGAR - CERRAJERÍA;IKATECH PLAN;PRUEBAS IKATECH;2;;;;;2025-05-23 12:37:41;TEST NO ACETP SERVICE FIVE;0
168;CERRADO;381;PRUEBA IKATECH PRUEBA IKATECH PRUEBA IKATECH;PRUEBA IKATECH PRUEBA IKATECH PRUEBA IKATECH;idiomaika;2025-05-23 12:35:05;In coverage;EMERGENCY;CANCELED;CERRAJERIA PRUEBA;HOGAR - CERRAJERÍA;IKATECH PLAN;PRUEBAS IKATECH;2;;;;;2025-05-23 12:37:41;SERVICIO DE PRUEBA;0
168;CERRADO;383;PRUEBA IKATECH PRUEBA IKATECH PRUEBA IKATECH;PRUEBA IKATECH PRUEBA IKATECH PRUEBA IKATECH;idiomaika;2025-05-23 12:50:11;In coverage;EMERGENCY;CANCELED;CERRAJERIA PRUEBA;HOGAR - CERRAJERÍA;IKATECH PLAN;PRUEBAS IKATECH;3;testw4;APP;;;2025-05-23 13:00:56;NA RESOLVIÓ;0
168;CERRADO;382;PRUEBA IKATECH PRUEBA IKATECH PRUEBA IKATECH;PRUEBA IKATECH PRUEBA IKATECH PRUEBA IKATECH;idiomaika;2025-05-23 12:39:44;In coverage;SCHEDULED;CANCELED;CERRAJERIA PRUEBA;HOGAR - CERRAJERÍA;IKATECH PLAN;PRUEBAS IKATECH;3;testw4;APP;;;2025-05-23 13:01:30;NA RESOLVIÓ;0
168;CERRADO;384;PRUEBA IKATECH PRUEBA IKATECH PRUEBA IKATECH;PRUEBA IKATECH PRUEBA IKATECH PRUEBA IKATECH;idiomaika;2025-05-23 12:51:54;In coverage;EMERGENCY;CANCELED;CERRAJERIA PRUEBA;HOGAR - CERRAJERÍA;IKATECH PLAN;PRUEBAS IKATECH;10;testw4;APP;2025-05-23 14:36:49;;2025-05-23 14:47:47;SERVICIO DE PRUEBA;0
168;CERRADO;385;PRUEBA IKATECH PRUEBA IKATECH PRUEBA IKATECH;PRUEBA IKATECH PRUEBA IKATECH PRUEBA IKATECH;idiomaika;2025-05-23 15:08:54;In coverage;EMERGENCY;CANCELED;CERRAJERIA PRUEBA;HOGAR - CERRAJERÍA;IKATECH PLAN;PRUEBAS IKATECH;8;testw4;APP;;;2025-05-23 15:35:22;TEST CANCELLATION;0
170;CERRADO;387;PRUEBA QA ;PRUEBA QA ;IKATECHPRUEBAS;2025-08-04 16:37:44;In coverage;SCHEDULED;CANCELED;WASTE;WASTE MANAGEMENT;IKATECH PLAN 1;PRUEBAS GENERALES1;2;;;;;2025-08-04 16:45:04;NEED TO CONTACT EXTERNAL DEPARTMENT;0
171;CERRADO;388;PRUEBA QA QA TEST;PRUEBA QA QA TEST;IKATECHPRUEBAS;2025-08-12 22:33:18;In coverage;EMERGENCY;CANCELED;CERRAJERIA PRUEBA;HOGAR - CERRAJERÍA;IKATECH PLAN;PRUEBAS IKATECH;2;;;;;2025-08-12 22:41:49;SERVICIO DE PRUEBA;0
172;CERRADO;390;pruebas ikatech ;pruebas ikatech ;IKATECHPRUEBAS;2025-08-14 12:45:06;In coverage;SCHEDULED;CANCELED;CERRAJERIA PRUEBA;HOGAR - CERRAJERÍA;IKATECH PLAN;PRUEBAS IKATECH;2;;;;;2025-08-14 12:47:52;SERVICIO DE PRUEBA;0
172;CERRADO;391;pruebas ikatech ;pruebas ikatech ;IKATECHPRUEBAS;2025-08-14 12:48:08;In coverage;SCHEDULED;CANCELED;CERRAJERIA PRUEBA;HOGAR - CERRAJERÍA;IKATECH PLAN;PRUEBAS IKATECH;3;IKATECHPRUEBAS;MANUAL;;;2025-08-14 12:51:06;TEST CANCELLATION;0
173;CERRADO;392;PRUEBA QA ;PRUEBA QA ;IKATECHPRUEBAS;2025-08-15 09:26:47;In coverage;EMERGENCY;CANCELED;WASTE;WASTE MANAGEMENT;IKATECH PLAN 1;PRUEBAS GENERALES1;2;IKATECHPRUEBAS;MANUAL;;;2025-08-15 09:32:11;TEST CANCELLATION;0
173;CERRADO;393;PRUEBA QA ;PRUEBA QA ;IKATECHPRUEBAS;2025-08-15 09:32:24;In coverage;EMERGENCY;CANCELED;WASTE;WASTE MANAGEMENT;IKATECH PLAN 1;PRUEBAS GENERALES1;2;;;;;2025-08-15 09:51:55;SERVICIO DE PRUEBA;0
175;CERRADO;394;PRUEBA QA ;PRUEBA QA ;IKATECHPRUEBAS;2025-08-19 12:56:42;In coverage;EMERGENCY;CANCELED;WASTE;WASTE MANAGEMENT;IKATECH PLAN 1;PRUEBAS GENERALES1;2;IKATECHPRUEBAS;MANUAL;;;2025-08-19 12:58:49;SERVICE NO LONGER NECESSARY;0
176;CERRADO;395;PRUEBA QA ;PRUEBA QA ;IKATECHPRUEBAS;2025-08-21 14:13:19;In coverage;SCHEDULED;CANCELED;CERRAJERIA;HOGAR - CERRAJERÍA;PRUEBA IKATECH QA;PRUEBAS IKATECH;2;KLUSA1;APP;;;2025-08-21 14:17:15;APERTURA EN CUENTA ERRADA;0
177;CERRADO;396;PRUEBA QA ;PRUEBA QA ;IKATECHPRUEBAS;2025-08-27 11:46:48;In coverage;EMERGENCY;CANCELED;CERRAJERIA PRUEBA;HOGAR - CERRAJERÍA;IKATECH PLAN;PRUEBAS IKATECH;2;;;;;2025-08-27 11:47:02;SERVICIO DE PRUEBA;0
178;CERRADO;397;PRUEBA QA ;PRUEBA QA ;IKATECHPRUEBAS;2025-08-27 14:01:56;In coverage;EMERGENCY;CANCELED;CERRAJERIA;HOGAR - CERRAJERÍA;PRUEBA IKATECH QA;PRUEBAS IKATECH;5;IKATECHPRUEBAS;MANUAL;;;2025-08-27 14:03:06;CLIENTE NO PUEDE ESPERAR AL PROVEEDOR DESPUES DEL TEAM;0
179;CERRADO;398;TEST TEST ;TEST TEST ;IKATECHPRUEBAS;2025-08-29 15:25:25;In coverage;EMERGENCY;CANCELED;PLOMERÍA;WASTE MANAGEMENT;PRUEBA PLAN MD;PRUEBA MD;2;;;;;2025-08-29 15:29:27;SERVICIO DE PRUEBA;0
179;CERRADO;399;TEST TEST ;TEST TEST ;IKATECHPRUEBAS;2025-08-29 15:38:02;In coverage;EMERGENCY;CANCELED;PLOMERÍA;WASTE MANAGEMENT;PRUEBA PLAN MD;PRUEBA MD;2;;;;;2025-08-29 15:42:50;SERVICIO DE PRUEBA;0
179;CERRADO;400;TEST TEST ;TEST TEST ;IKATECHPRUEBAS;2025-08-29 15:43:07;In coverage;EMERGENCY;CANCELED;PLOMERÍA;WASTE MANAGEMENT;PRUEBA PLAN MD;PRUEBA MD;3;IKATECHPRUEBAS;BASE AUTOMATICO;;;2025-08-29 15:45:28;TEST CANCELLATION;0
22;ABIERTO;106;PRUEBA APP PROVEEDOR ANDROID ;PRUEBA APP PROVEEDOR ANDROID ;NATALYC;2024-12-27 12:26:35;In coverage;EMERGENCY;CONCLUDED;PRUEBA APP PROVEEDOR;TEST SERVICE;SOPORTE PLAN 2;CUENTA SOPORTE 2;10;NATALYC;ANCLAJE APP SOA;;2024-12-27 12:36:04;;;0
128;CERRADO;285;PRUEBA PRUEBA ;PRUEBA PRUEBA ;idiomaika;2025-04-24 15:02:05;In coverage;EMERGENCY;CONCLUDED;GRUAS PRUEBA;Hogar prueba;PRUEBA PLAN MD;PRUEBA MD;10;TRAD1;APP;2025-04-24 15:11:52;2025-04-24 15:17:45;;;0
128;CERRADO;276;PRUEBA PRUEBA ;PRUEBA PRUEBA ;idiomaika;2025-04-24 12:38:11;In coverage;EMERGENCY;CONCLUDED;GRUAS PRUEBA;Hogar prueba;PRUEBA PLAN MD;PRUEBA MD;10;testw2;APP;2025-04-24 14:20:26;2025-04-24 14:22:50;;;0
125;ABIERTO;253;PRUEBA PRUEBA ;PRUEBA PRUEBA ;userapp;2025-03-21 12:56:51;In coverage;EMERGENCY;CANCELED;WASTE;WASTE MANAGEMENT;IKATECH PLAN 1;PRUEBAS GENERALES1;2;;;;;2025-03-21 17:40:26;;0
128;CERRADO;270;PRUEBA PRUEBA ;PRUEBA PRUEBA ;idiomaika;2025-04-23 15:45:49;In coverage;SCHEDULED;CONCLUDED;ELECTRICIDAD;HOGAR - ELECTRICIDAD;PRUEBA PLAN MD;PRUEBA MD;10;idiomaika;ANCLAJE APP SOA;2025-04-24 08:54:28;2025-04-24 09:39:35;;;0
22;ABIERTO;101;PRUEBA APP PROVEEDOR ANDROID ;PRUEBA APP PROVEEDOR ANDROID ;NATALYC;2024-12-27 10:16:41;In coverage;EMERGENCY;CONCLUDED;PRUEBA APP PROVEEDOR;TEST SERVICE;SOPORTE PLAN 2;CUENTA SOPORTE 2;10;CONTACTEST4;APP;2024-12-27 10:39:33;2024-12-27 10:50:04;;;0
7;CERRADO;20;TEST TEST ;PRUEBA TEST QA;NATALYC;2024-12-13 17:04:42;In coverage;EMERGENCY;CONCLUDED;VEHICLE AMPER TEST;IKATECH REMOLQUE VEHICULAR;SOPORTE PLAN 2;CUENTA SOPORTE 2;10;NATALYC;MANUAL;;2024-12-13 17:08:12;;;0
92;CERRADO;213;DIEGO POSSO ;DIEGO POSSO ;DPOSSO;2025-03-12 11:13:57;In coverage;EMERGENCY;CONCLUDED;WASTE;WASTE MANAGEMENT;RESIDENTS DISTRICT 1;DISTRICT 1;10;DPOSSO;ANCLAJE APP SOA;2025-03-12 11:49:28;2025-03-13 12:16:41;;;0
129;ABIERTO;265;Michael Goussen ;Michael Goussen ;ALJ-NARRO;2025-04-23 15:17:51;In coverage;EMERGENCY;CONCLUDED;WASTE;WASTE MANAGEMENT;RESIDENTS DISTRICT 1;DISTRICT 1;10;ALJ-NARRO;ANCLAJE APP SOA;2025-04-23 15:32:36;2025-04-23 15:32:58;;;0
34;CERRADO;136;QA QA ;QA QA ;CAROPROD;2025-01-24 09:50:44;In coverage;EMERGENCY;CONCLUDED;qa testing services plan;TEST SERVICE;SOPORTE PLAN 2;CUENTA SOPORTE 2;10;CAROPROD;ANCLAJE APP SOA;;2025-01-24 10:01:23;;;0
77;CERRADO;196;Diego Posso ;Diego Posso ;DPOSSO;2025-03-10 11:16:04;In coverage;EMERGENCY;CONCLUDED;MANEJO DE RESIDUOS;MANEJO DE RESIDUOS / WASTE MANAGEMENT;RESIDENTS DISTRICT 1;DISTRICT 1;10;DPOSSO;MANUAL;2025-03-13 11:12:21;2025-03-13 12:12:44;;;0
14;ABIERTO;27;PRUEBA PRUEBA ;PRUEBA PRUEBA ;NATALYC;2024-12-16 09:53:50;In coverage;EMERGENCY;CONCLUDED;Service Plan Two;TEST SERVICE;IKATECH PLAN;PRUEBAS IKATECH;10;NATALYC;MANUAL;2024-12-16 10:15:23;2024-12-16 10:15:47;;;0
41;ABIERTO;149;QA QA ;PRUEBA TEST ;NATALYC;2025-01-27 10:59:25;In coverage;EMERGENCY;CONCLUDED;VEHICLE AMPER TEST;TEST SERVICE;SOPORTE PLAN 2;CUENTA SOPORTE 2;10;TECNICUSA1;APP;;2025-01-27 11:53:13;;;0
132;ABIERTO;307;prueba usa ;prueba usa ;userapp;2025-04-28 10:32:20;In coverage;EMERGENCY;CANCELED;GRUAS PRUEBA;Hogar prueba;PRUEBA PLAN MD;PRUEBA MD;2;;;;;2025-04-28 10:41:38;;0
125;ABIERTO;252;PRUEBA PRUEBA ;PRUEBA PRUEBA ;userapp;2025-03-21 12:26:00;In coverage;EMERGENCY;CANCELED;WASTE;WASTE MANAGEMENT;IKATECH PLAN 1;PRUEBAS GENERALES1;2;;;;;2025-03-21 17:40:33;;0
126;ABIERTO;255;Alejandro Cabrera ;Alejandro Cabrera ;ALJ-NARRO;2025-04-11 14:31:49;In coverage;EMERGENCY;PROCESS;WASTE;WASTE MANAGEMENT;RESIDENTS DISTRICT 1;DISTRICT 1;6;DPOSSO;MANUAL;;;;;0
145;ABIERTO;357;PRUEBA PRUEBA ;PRUEBA PRUEBA ;userapp;2025-05-09 18:30:59;In coverage;EMERGENCY;CONCLUDED;GRUAS PRUEBA;Hogar prueba;PRUEBA PLAN MD;PRUEBA MD;10;idiomaika;ANCLAJE APP SOA;2025-05-09 18:34:40;2025-05-09 18:36:47;;;0
12;ABIERTO;17;TEST CINCO QA ;TEST CINCO QA ;NATALYC;2024-12-13 16:42:14;In coverage;EMERGENCY;CONCLUDED;SOPORTE PLAN SERVICIOS 2;SERVICIOS SOPORTE 3;SOPORTE PLAN 2;CUENTA SOPORTE 2;10;NATALYC;ANCLAJE APP SOA;2024-12-13 16:43:26;2024-12-13 16:43:56;;;0
44;ABIERTO;142;qa qa ;qa qa ;NATALYC;2025-01-24 12:14:56;In coverage;EMERGENCY;CONCLUDED;SOPORTE PLAN SERVICIOS 2;SERVICIOS SOPORTE 3;SOPORTE PLAN 2;CUENTA SOPORTE 2;10;NATALYC;ANCLAJE APP SOA;;2025-01-24 12:17:44;;;0
128;CERRADO;284;PRUEBA PRUEBA ;PRUEBA PRUEBA ;idiomaika;2025-04-24 15:00:51;In coverage;EMERGENCY;CONCLUDED;CERRAJERÍA;HOGAR - CERRAJERÍA;PRUEBA PLAN MD;PRUEBA MD;10;testw2;APP;2025-04-24 15:03:03;2025-04-24 15:09:27;;;0
29;CERRADO;109;TEST TEST ;TEST TEST ;userapp;2025-01-08 14:25:08;In coverage;EMERGENCY;CONCLUDED;VEHICLE AMPER TEST;IKATECH REMOLQUE VEHICULAR;SOPORTE PLAN 2;CUENTA SOPORTE 2;10;NATALYC;MANUAL;;2025-01-08 14:42:25;;;0
22;ABIERTO;57;PRUEBA APP PROVEEDOR ANDROID ;PRUEBA APP PROVEEDOR ANDROID ;NATALYC;2024-12-19 15:11:57;In coverage;EMERGENCY;CONCLUDED;PRUEBA APP PROVEEDOR;TEST SERVICE;SOPORTE PLAN 2;CUENTA SOPORTE 2;10;CONTACTEST4;APP;2024-12-19 17:02:56;2024-12-19 17:23:42;;;0
6;ABIERTO;10;PRUEBA PRUEBA ;PRUEBA PRUEBA ;userapp;2024-12-13 14:03:27;In coverage;EMERGENCY;CANCELED;VEHICLE TRAILER TEST;TEST SERVICE;IKATECH PLAN;PRUEBAS IKATECH;2;;;;;2024-12-13 17:28:50;;0
139;CERRADO;321;IKATECH PRUEBA IKATECH PRUEBA ;IKATECH PRUEBA IKATECH PRUEBA ;idiomaika;2025-04-30 16:13:37;In coverage;SCHEDULED;CONCLUDED;PRUEBA VIDEO CALL;HOGAR - CERRAJERÍA;PRUEBA PLAN MD;PRUEBA MD;10;idiomaika;ANCLAJE APP SOA;2025-04-30 16:42:42;2025-04-30 16:42:41;;;0
116;ABIERTO;243;Raul Rodriguez ;Raul Rodriguez ;alexsly1;2025-03-17 09:08:41;In coverage;EMERGENCY;CONCLUDED;PUBLIC SECURITY;PUBLIC SAFETY & EMERGENCY SERVICES;RESIDENTS DISTRICT 1;DISTRICT 1;10;alexsly1;ANCLAJE APP SOA;;2025-03-17 09:13:27;;;0
56;ABIERTO;167;DIEGO POSSO ;DIEGO POSSO ;DPOSSO;2025-02-20 09:12:25;In coverage;EMERGENCY;CONCLUDED;PLOMERÍA;HOGAR - PLOMERÍA;HOGAR LA FLORIDA;MCS LA FLORIDA;10;DPOSSO;ANCLAJE BASE;2025-02-20 09:15:22;2025-02-20 09:15:52;;;0
23;CERRADO;64;PRUEBA PRUEBA ;PRUEBA PRUEBA ;userapp;2024-12-19 16:02:42;In coverage;EMERGENCY;CONCLUDED;VEHICLE TRAILER TEST;TEST SERVICE;IKATECH PLAN;PRUEBAS IKATECH;10;NATALYC;ANCLAJE APP SOA;;;;;0
41;ABIERTO;145;QA QA ;PRUEBA TEST ;NATALYC;2025-01-27 08:39:09;In coverage;EMERGENCY;CONCLUDED;SOPORTE PLAN SERVICIOS 2;SERVICIOS SOPORTE 3;SOPORTE PLAN 2;CUENTA SOPORTE 2;10;NATALYC;ANCLAJE APP SOA;;2025-01-27 09:03:17;;;0
22;ABIERTO;102;PRUEBA APP PROVEEDOR ANDROID ;PRUEBA APP PROVEEDOR ANDROID ;NATALYC;2024-12-27 10:50:51;In coverage;EMERGENCY;CONCLUDED;PRUEBA APP PROVEEDOR;TEST SERVICE;SOPORTE PLAN 2;CUENTA SOPORTE 2;10;CONTACTEST4;APP;2024-12-27 11:18:13;2024-12-27 11:22:23;;;0
138;ABIERTO;315;Raul Rodriguez ;Raul Rodriguez ;ALJ-NARRO;2025-04-30 08:49:18;In coverage;EMERGENCY;CONCLUDED;WASTE;WASTE MANAGEMENT;RESIDENTS DISTRICT 1;DISTRICT 1;10;ALJ-NARRO;ANCLAJE APP SOA;2025-04-30 08:51:21;2025-04-30 08:52:38;;;0
22;ABIERTO;71;PRUEBA APP PROVEEDOR ANDROID ;PRUEBA APP PROVEEDOR ANDROID ;NATALYC;2024-12-20 09:52:56;In coverage;EMERGENCY;CONCLUDED;PRUEBA APP PROVEEDOR;TEST SERVICE;SOPORTE PLAN 2;CUENTA SOPORTE 2;10;CONTACTEST4;APP;2024-12-20 11:50:16;2024-12-20 11:52:59;;;0
2;ABIERTO;2;QA QA ;QA QA ;NATALYC;2024-12-13 10:16:33;In coverage;EMERGENCY;CONCLUDED;Service Plan Two;TEST SERVICE;IKATECH PLAN;PRUEBAS IKATECH;10;pruebaikatech1234;APP;2025-01-10 10:53:46;2025-01-10 10:57:56;;;0
139;CERRADO;337;IKATECH PRUEBA IKATECH PRUEBA ;IKATECH PRUEBA IKATECH PRUEBA ;idiomaika;2025-05-02 14:09:39;In coverage;SCHEDULED;CONCLUDED;PRUEBA VIDEO CALL;HOGAR - CERRAJERÍA;PRUEBA PLAN MD;PRUEBA MD;10;idiomaika;ANCLAJE APP SOA;2025-05-02 14:15:19;2025-05-02 14:15:18;;;0
128;CERRADO;280;PRUEBA PRUEBA ;PRUEBA PRUEBA ;idiomaika;2025-04-24 14:39:28;In coverage;SCHEDULED;CONCLUDED;PRUEBA VIDEO CALL;HOGAR - CERRAJERÍA;PRUEBA PLAN MD;PRUEBA MD;10;testw2;APP;2025-04-24 14:47:02;2025-04-24 14:47:02;;;0
138;ABIERTO;314;Raul Rodriguez ;Raul Rodriguez ;ALJ-NARRO;2025-04-30 08:42:44;In coverage;EMERGENCY;CONCLUDED;WASTE;WASTE MANAGEMENT;RESIDENTS DISTRICT 1;DISTRICT 1;10;ALJ-NARRO;ANCLAJE APP SOA;2025-04-30 08:48:13;2025-04-30 08:49:00;;;0
139;CERRADO;320;IKATECH PRUEBA IKATECH PRUEBA ;IKATECH PRUEBA IKATECH PRUEBA ;idiomaika;2025-04-30 16:00:13;In coverage;SCHEDULED;CONCLUDED;PRUEBA VIDEO CALL;HOGAR - CERRAJERÍA;PRUEBA PLAN MD;PRUEBA MD;10;TRAD1;APP;2025-04-30 16:12:54;2025-04-30 16:12:54;;;0
19;CERRADO;47;TESTT TESTt ;TESTT TESTt ;NATALYC;2024-12-17 16:26:02;In coverage;SCHEDULED;CANCELED;VEHICLE VIDEO TEST;IKATECH REMOLQUE VEHICULAR;PLAN SOPORTE;PRUEBAS SOPORTE;10;NATALYC;MANUAL;;;2024-12-23 16:34:47;;0
25;CERRADO;83;TEST TEST ;TEST TEST ;NATALYC;2024-12-26 15:21:40;In coverage;SCHEDULED;CANCELED;VEHICLE VIDEO TEST;IKATECH REMOLQUE VEHICULAR;PLAN SOPORTE;PRUEBAS SOPORTE;10;NATALYC;ANCLAJE APP SOA;;;2024-12-26 15:35:06;;0
132;ABIERTO;304;prueba usa ;prueba usa ;userapp;2025-04-25 16:50:57;In coverage;EMERGENCY;CONCLUDED;GRUAS PRUEBA;Hogar prueba;PRUEBA PLAN MD;PRUEBA MD;10;testw2;APP;;2025-04-28 10:37:31;;;0
34;CERRADO;125;QA QA ;QA QA ;CAROPROD;2025-01-23 16:55:57;IN ADDITIONAL;EMERGENCY;CONCLUDED;qa testing services plan;TEST SERVICE;SOPORTE PLAN 2;CUENTA SOPORTE 2;10;CAROPROD;ANCLAJE APP SOA;;2025-02-25 11:01:43;;;0
22;ABIERTO;77;PRUEBA APP PROVEEDOR ANDROID ;PRUEBA APP PROVEEDOR ANDROID ;NATALYC;2024-12-20 12:41:34;In coverage;SCHEDULED;CONCLUDED;PRUEBA APP PROVEEDOR;TEST SERVICE;SOPORTE PLAN 2;CUENTA SOPORTE 2;10;CONTACTEST4;APP;;2024-12-20 12:59:37;;;0
43;ABIERTO;140;qa qa ;qa qa ;NATALYC;2025-01-24 11:20:18;In coverage;EMERGENCY;CONCLUDED;qa testing services plan;TEST SERVICE;SOPORTE PLAN 2;CUENTA SOPORTE 2;10;NATALYC;ANCLAJE APP SOA;;2025-01-24 11:24:03;;;0
68;CERRADO;182;bernardo Torres ;bernardo Torres ;JUANBER3;2025-02-27 11:56:07;In coverage;EMERGENCY;CONCLUDED;bernardo franjas horarias;bernardo franjas horarias;PRUEBA IKATECH QA;PRUEBAS IKATECH;10;JUANBER3;MANUAL;;2025-02-27 12:06:04;;;0
130;ABIERTO;303;Raul Rodriguez ;Raul Rodriguez ;DPOSSO;2025-04-25 16:19:35;In coverage;EMERGENCY;PROCESS;WASTE;WASTE MANAGEMENT;RESIDENTS DISTRICT 1;DISTRICT 1;2;;;;;;;0
131;ABIERTO;287;PRUEBA PRUEBA ;PRUEBA PRUEBA ;idiomaika;2025-04-24 15:31:00;In coverage;EMERGENCY;CONCLUDED;GRUAS PRUEBA;Hogar prueba;PRUEBA PLAN MD;PRUEBA MD;10;TRAD1;APP;2025-04-24 15:35:54;2025-04-24 15:36:12;;;0
52;CERRADO;165;TEST UNO QA ;TEST UNO QA ;PRUEBASIKA1;2025-02-07 11:51:20;In coverage;EMERGENCY;CONCLUDED;TEST PLAN SERVICE ALFA;TEST SERVICE ALFA;TEST PLAN ALFA;TEST ACCOUNT ALFA;10;baseproveedorandriod;APP;2025-02-07 11:57:28;2025-02-07 11:58:40;;;0
1;ABIERTO;5;PRUEBAS PRUEBAS ;PRUEBAS PRUEBAS 1;NATALYC;2024-12-13 10:59:33;In coverage;EMERGENCY;CONCLUDED;VEHICLE MECANIC TEST;IKATECH REMOLQUE VEHICULAR;PLAN SOPORTE;PRUEBAS SOPORTE;10;CONTACTEST1;APP;;2024-12-13 11:31:18;;;0
67;CERRADO;181;a a ;a a ;PRUEBASIKA1;2025-02-27 11:45:33;In coverage;EMERGENCY;CONCLUDED;SOPORTE PLAN SERVICIOS 2;SERVICIOS SOPORTE 3;IKATECH PLAN;PRUEBAS IKATECH;10;PRUEBASIKA1;MANUAL;;2025-02-27 11:55:27;;;0
28;ABIERTO;96;PRUEBAA PRUEBA ;PRUEBA PRUEBA ;userapp;2024-12-27 08:54:35;In connection;EMERGENCY;CANCELED;VEHICLE TRANSPORT TEST;IKATECH REMOLQUE VEHICULAR;PLAN SOPORTE;PRUEBAS SOPORTE;2;;;;;2024-12-27 09:04:20;;0
139;CERRADO;319;IKATECH PRUEBA IKATECH PRUEBA ;IKATECH PRUEBA IKATECH PRUEBA ;idiomaika;2025-04-30 15:45:51;In coverage;SCHEDULED;CONCLUDED;PRUEBA VIDEO CALL;HOGAR - CERRAJERÍA;PRUEBA PLAN MD;PRUEBA MD;10;idiomaika;ANCLAJE APP SOA;2025-04-30 16:13:17;2025-04-30 16:13:17;;;0
19;CERRADO;52;TESTT TESTt ;TESTT TESTt ;userapp;2024-12-18 10:14:36;In coverage;EMERGENCY;CONCLUDED;VEHICLE TRANSPORT TEST;IKATECH REMOLQUE VEHICULAR;PLAN SOPORTE;PRUEBAS SOPORTE;10;NATALYC;MANUAL;;;;;0
18;ABIERTO;37;pruebas pruebas ;pruebas pruebas ;NATALYC;2024-12-16 15:13:16;In coverage;SCHEDULED;CONCLUDED;SOPORTE PLAN SERVICIOS 2;SERVICIOS SOPORTE 3;SOPORTE PLAN 2;CUENTA SOPORTE 2;10;NATALYC;ANCLAJE APP SOA;;2024-12-16 15:16:53;;;0
25;CERRADO;85;TEST TEST ;TEST TEST ;NATALYC;2024-12-26 15:51:02;In coverage;SCHEDULED;CANCELED;VEHICLE VIDEO TEST;IKATECH REMOLQUE VEHICULAR;PLAN SOPORTE;PRUEBAS SOPORTE;10;NATALYC;ANCLAJE APP SOA;;;2024-12-26 16:38:57;;0
145;ABIERTO;358;PRUEBA PRUEBA ;PRUEBA PRUEBA ;userapp;2025-05-09 18:42:07;In coverage;EMERGENCY;CONCLUDED;CERRAJERÍA;HOGAR - CERRAJERÍA;PRUEBA PLAN MD;PRUEBA MD;10;idiomaika;ANCLAJE APP SOA;2025-05-09 18:44:07;;;;0
128;CERRADO;278;PRUEBA PRUEBA ;PRUEBA PRUEBA ;idiomaika;2025-04-24 14:04:08;In coverage;EMERGENCY;CONCLUDED;PLOMERÍA;WASTE MANAGEMENT;PRUEBA PLAN MD;PRUEBA MD;10;TRAD1;APP;2025-04-24 14:26:33;2025-04-24 14:36:25;;;0
131;ABIERTO;289;PRUEBA PRUEBA ;PRUEBA PRUEBA ;idiomaika;2025-04-24 15:41:15;In coverage;EMERGENCY;CONCLUDED;GRUAS PRUEBA;Hogar prueba;PRUEBA PLAN MD;PRUEBA MD;10;testw2;APP;;2025-04-24 17:33:15;;;0
128;CERRADO;279;PRUEBA PRUEBA ;PRUEBA PRUEBA ;idiomaika;2025-04-24 14:26:19;In coverage;EMERGENCY;CONCLUDED;GRUAS PRUEBA;Hogar prueba;PRUEBA PLAN MD;PRUEBA MD;10;testw2;APP;;2025-04-24 14:59:01;;;0
59;CERRADO;172;bernardo Torres ;bernardo Torres ;JUANBER3;2025-02-26 09:37:08;In coverage;EMERGENCY;CONCLUDED;bernardo franjas horarias;bernardo franjas horarias;PRUEBA IKATECH QA;PRUEBAS IKATECH;10;JUANBER3;ANCLAJE BASE;;2025-02-26 09:48:01;;;0
58;CERRADO;170;bernardo Torres ;bernardo Torres ;JUANBER3;2025-02-25 17:26:14;In coverage;SCHEDULED;CONCLUDED;bernardo franjas horarias;bernardo franjas horarias;PRUEBA IKATECH QA;PRUEBAS IKATECH;10;JUANBER3;ANCLAJE BASE;;2025-02-25 17:28:36;;;0
23;CERRADO;55;PRUEBA PRUEBA ;PRUEBA PRUEBA ;userapp;2024-12-19 14:24:37;In connection;EMERGENCY;CONCLUDED;VEHICLE TRAILER TEST;TEST SERVICE;IKATECH PLAN;PRUEBAS IKATECH;10;NATALYC;ANCLAJE APP SOA;;2024-12-19 14:57:48;;;0
161;CERRADO;374;ika1 ika ;ika1 ika ;idiomaika;2025-05-21 16:29:48;In coverage;EMERGENCY;CONCLUDED;CERRAJERIA PRUEBA;HOGAR - CERRAJERÍA;IKATECH PLAN;PRUEBAS IKATECH;10;idiomaika;MANUAL;;2025-05-21 16:32:58;;;0
23;CERRADO;68;PRUEBA PRUEBA ;PRUEBA PRUEBA ;userapp;2024-12-19 16:39:30;In coverage;EMERGENCY;CONCLUDED;VEHICLE TRAILER TEST;TEST SERVICE;IKATECH PLAN;PRUEBAS IKATECH;10;NATALYC;ANCLAJE APP SOA;;2024-12-19 16:48:51;;;0
77;CERRADO;195;Diego Posso ;Diego Posso ;DPOSSO;2025-03-10 11:10:17;In coverage;EMERGENCY;CONCLUDED;MANEJO DE RESIDUOS;MANEJO DE RESIDUOS / WASTE MANAGEMENT;RESIDENTS DISTRICT 1;DISTRICT 1;10;DPOSSO;ANCLAJE APP SOA;2025-03-12 11:21:07;2025-03-13 12:13:00;;;0
132;ABIERTO;305;prueba usa ;prueba usa ;userapp;2025-04-28 09:44:41;In coverage;EMERGENCY;CONCLUDED;GRUAS PRUEBA;Hogar prueba;PRUEBA PLAN MD;PRUEBA MD;10;idiomaika;ANCLAJE APP SOA;2025-04-28 10:11:02;2025-04-28 10:37:58;;;0
139;CERRADO;318;IKATECH PRUEBA IKATECH PRUEBA ;IKATECH PRUEBA IKATECH PRUEBA ;idiomaika;2025-04-30 15:42:14;In coverage;SCHEDULED;CONCLUDED;ELECTRICIDAD;HOGAR - ELECTRICIDAD;PRUEBA PLAN MD;PRUEBA MD;10;idiomaika;ANCLAJE APP SOA;2025-04-30 15:44:24;2025-04-30 15:45:26;;;0
133;CERRADO;312;pruebas videollamada pruebasikatech ;pruebas videollamada pruebasikatech ;idiomaika;2025-04-29 09:51:57;In coverage;EMERGENCY;CONCLUDED;GRUAS PRUEBA;Hogar prueba;PRUEBA PLAN MD;PRUEBA MD;10;testw2;APP;;2025-04-29 17:28:05;;;0
64;ABIERTO;179;PRUEBA QA ;PRUEBA QA ;PRUEBASIKA1;2025-02-26 13:26:52;In coverage;EMERGENCY;CONCLUDED;SOPORTE PLAN SERVICIOS 2;SERVICIOS SOPORTE 3;SOPORTE PLAN 2;CUENTA SOPORTE 2;1;PRUEBASIKA1;MANUAL;;2025-02-26 13:31:12;;;0
149;CERRADO;370;ika ika1 ;ika ika1 ;PRUEBASIKA1;2025-05-21 14:26:58;In coverage;EMERGENCY;CONCLUDED;CERRAJERIA;HOGAR - CERRAJERÍA;PRUEBA IKATECH QA;PRUEBAS IKATECH;10;PRUEBASIKA1;MANUAL;;2025-05-21 14:48:06;;;0
28;ABIERTO;99;PRUEBAA PRUEBA ;PRUEBA PRUEBA ;NATALYC;2024-12-27 09:44:01;In coverage;SCHEDULED;CANCELED;VEHICLE VIDEO TEST;IKATECH REMOLQUE VEHICULAR;PLAN SOPORTE;PRUEBAS SOPORTE;10;NATALYC;MANUAL;;;2024-12-27 09:57:43;;0
14;ABIERTO;28;PRUEBA PRUEBA ;PRUEBA PRUEBA ;NATALYC;2024-12-16 10:25:16;In coverage;EMERGENCY;CONCLUDED;Service Plan Two;TEST SERVICE;IKATECH PLAN;PRUEBAS IKATECH;10;BASEFLOR2;MANUAL;2024-12-16 10:32:34;2024-12-16 10:32:49;;;0
137;ABIERTO;313;PRUEBA QA ;PRUEBA QA ;PRUEBASIKA1;2025-04-29 17:26:41;In coverage;EMERGENCY;CONCLUDED;GRUAS PRUEBA;Hogar prueba;PRUEBA PLAN MD;PRUEBA MD;10;testw2;APP;;2025-04-30 08:13:10;;;0
128;CERRADO;262;PRUEBA PRUEBA ;PRUEBA PRUEBA ;idiomaika;2025-04-23 14:18:39;In coverage;SCHEDULED;CONCLUDED;ELECTRICIDAD;HOGAR - ELECTRICIDAD;PRUEBA PLAN MD;PRUEBA MD;10;testw2;APP;2025-04-23 14:29:10;2025-04-23 15:14:54;;;0
49;CERRADO;162;LAURA TORRES RODRIGUEZ;LAURA TORRES RODRIGUEZ;DPOSSO;2025-02-03 11:14:58;In coverage;EMERGENCY;CONCLUDED;PLOMERÍA;HOGAR - PLOMERÍA;HOGAR LA FLORIDA;MCS LA FLORIDA;10;MIAMI;ANCLAJE BASE;2025-02-03 11:42:29;2025-03-13 12:46:23;;;0
15;CERRADO;30;qa qa ;qa qa ;NATALYC;2024-12-16 11:23:27;In coverage;EMERGENCY;CONCLUDED;SOPORTE PLAN SERVICIOS 2;SERVICIOS SOPORTE 3;SOPORTE PLAN 2;CUENTA SOPORTE 2;10;NATALYC;MANUAL;;2024-12-16 12:02:50;;;0
145;ABIERTO;356;PRUEBA PRUEBA ;PRUEBA PRUEBA ;userapp;2025-05-09 17:55:03;In coverage;SCHEDULED;CANCELED;PRUEBA VIDEO CALL;HOGAR - CERRAJERÍA;PRUEBA PLAN MD;PRUEBA MD;10;idiomaika;ANCLAJE APP SOA;;;2025-05-09 18:22:35;;0
132;ABIERTO;299;prueba usa ;prueba usa ;userapp;2025-04-25 13:41:51;In coverage;EMERGENCY;CANCELED;ELECTRICIDAD;HOGAR - ELECTRICIDAD;PRUEBA PLAN MD;PRUEBA MD;2;;;;;2025-04-25 13:44:05;;0
28;ABIERTO;95;PRUEBAA PRUEBA ;PRUEBA PRUEBA ;userapp;2024-12-27 08:47:48;In coverage;EMERGENCY;CANCELED;VEHICLE AMPER TEST;IKATECH REMOLQUE VEHICULAR;SOPORTE PLAN 2;CUENTA SOPORTE 2;4;NATALYC;MANUAL;;;2024-12-27 09:04:14;;0
34;CERRADO;122;QA QA ;QA QA ;CAROPROD;2025-01-23 15:27:50;In coverage;EMERGENCY;CONCLUDED;qa testing services plan;TEST SERVICE;SOPORTE PLAN 2;CUENTA SOPORTE 2;10;CAROPROD;ANCLAJE APP SOA;;2025-01-23 15:33:59;;;0
66;ABIERTO;180;  QA QA;QA QA QA;PRUEBASIKA1;2025-02-26 18:09:29;In coverage;EMERGENCY;CONCLUDED;TEST PLAN SERVICE ALFA;TEST SERVICE ALFA;TEST PLAN ALFA;TEST ACCOUNT ALFA;10;PRUEBASIKA1;ANCLAJE APP SOA;;2025-02-26 18:10:38;;;0
30;ABIERTO;117;test test qa ;test test qa ;CAROPROD;2025-01-09 13:15:11;In coverage;EMERGENCY;CONCLUDED;Service Plan Two;TEST SERVICE;IKATECH PLAN;PRUEBAS IKATECH;10;CAROPROD;MANUAL;;2025-01-09 15:35:10;;;0
140;ABIERTO;349;IKATECH PRUEBA prueba ;IKATECH PRUEBA prueba ;idiomaika;2025-05-02 16:14:49;In coverage;SCHEDULED;CONCLUDED;PRUEBA VIDEO CALL;HOGAR - CERRAJERÍA;PRUEBA PLAN MD;PRUEBA MD;10;idiomaika;ANCLAJE APP SOA;2025-05-02 16:19:06;2025-05-02 16:19:06;;;0
128;CERRADO;286;PRUEBA PRUEBA ;PRUEBA PRUEBA ;idiomaika;2025-04-24 15:11:15;In coverage;EMERGENCY;CONCLUDED;GRUAS PRUEBA;Hogar prueba;PRUEBA PLAN MD;PRUEBA MD;10;testw2;APP;2025-04-24 15:21:14;2025-04-24 15:22:33;;;0
41;ABIERTO;155;QA QA ;PRUEBA TEST ;NATALYC;2025-01-27 11:53:30;In coverage;EMERGENCY;CONCLUDED;VEHICLE AMPER TEST;TEST SERVICE;SOPORTE PLAN 2;CUENTA SOPORTE 2;10;NATALYC;ANCLAJE APP SOA;;2025-01-27 12:12:57;;;0
171;CERRADO;389;PRUEBA QA QA TEST;PRUEBA QA QA TEST;IKATECHPRUEBAS;2025-08-12 22:42:17;In coverage;EMERGENCY;CONCLUDED;CERRAJERIA PRUEBA;HOGAR - CERRAJERÍA;IKATECH PLAN;PRUEBAS IKATECH;10;USAW;APP;2025-08-12 22:49:26;2025-08-12 23:18:29;;;0
169;ABIERTO;386;DIEGO POSSO POSSO;DIEGO POSSO POSSO;DPOSSO;2025-07-22 08:54:14;In coverage;EMERGENCY;PROCESS;PLOMERÍA;HOGAR - PLOMERÍA;HOGAR LA FLORIDA;MCS LA FLORIDA;2;;;;;;;0
128;CERRADO;269;PRUEBA PRUEBA ;PRUEBA PRUEBA ;idiomaika;2025-04-23 15:43:19;In coverage;EMERGENCY;CONCLUDED;ELECTRICIDAD;HOGAR - ELECTRICIDAD;PRUEBA PLAN MD;PRUEBA MD;10;idiomaika;ANCLAJE APP SOA;2025-04-24 10:12:20;2025-04-24 11:32:41;;;0
34;CERRADO;126;QA QA ;QA QA ;CAROPROD;2025-01-23 17:00:39;In coverage;EMERGENCY;CONCLUDED;qa testing services plan;TEST SERVICE;SOPORTE PLAN 2;CUENTA SOPORTE 2;10;CAROPROD;ANCLAJE APP SOA;;2025-02-25 11:01:28;;;0
76;ABIERTO;194;DIEGO POSSO ;DIEGO POSSO ;DPOSSO;2025-03-07 12:02:45;In coverage;SCHEDULED;CONCLUDED;SOLICITUD DE REUNIÓN / MEETING REQUEST;SOLICITUD DE REUNIÓN / MEETING REQUEST;RESIDENTS DISTRICT 1;DISTRICT 1;10;DPOSSO;ANCLAJE BASE;;2025-03-07 12:20:38;;;0
139;CERRADO;316;IKATECH PRUEBA IKATECH PRUEBA ;IKATECH PRUEBA IKATECH PRUEBA ;idiomaika;2025-04-30 15:29:23;In coverage;EMERGENCY;CONCLUDED;GRUAS PRUEBA;Hogar prueba;PRUEBA PLAN MD;PRUEBA MD;10;testw2;APP;2025-04-30 15:34:23;2025-04-30 15:36:12;;;0
142;ABIERTO;352;IKATECH PRUEBA IKATECH PRUEBA ;IKATECH PRUEBA IKATECH PRUEBA ;idiomaika;2025-05-05 10:51:31;In coverage;EMERGENCY;CONCLUDED;CERRAJERÍA;HOGAR - CERRAJERÍA;PRUEBA PLAN MD;PRUEBA MD;10;testw2;APP;2025-05-05 10:55:01;2025-05-05 11:02:05;;;0
19;CERRADO;50;TESTT TESTt ;TESTT TESTt ;NATALYC;2024-12-17 18:02:03;In coverage;EMERGENCY;CONCLUDED;VEHICLE TRANSPORT TEST;IKATECH REMOLQUE VEHICULAR;PLAN SOPORTE;PRUEBAS SOPORTE;10;NATALYC;MANUAL;;;;;0
19;CERRADO;51;TESTT TESTt ;TESTT TESTt ;userapp;2024-12-18 10:09:34;In coverage;EMERGENCY;CANCELED;VEHICLE TRANSPORT TEST;IKATECH REMOLQUE VEHICULAR;PLAN SOPORTE;PRUEBAS SOPORTE;2;;;;;2024-12-18 10:12:58;;0
24;ABIERTO;81;PRUEBAA PRUEBA ;PRUEBAA PRUEBA ;userapp;2024-12-24 10:03:42;In coverage;EMERGENCY;CONCLUDED;VEHICLE AMPER TEST;IKATECH REMOLQUE VEHICULAR;SOPORTE PLAN 2;CUENTA SOPORTE 2;10;NATALYC;ANCLAJE APP SOA;;2024-12-24 10:07:48;;;0
23;CERRADO;79;PRUEBA PRUEBA ;PRUEBA PRUEBA ;NATALYC;2024-12-23 17:37:08;In coverage;EMERGENCY;CONCLUDED;VEHICLE TRAILER TEST;TEST SERVICE;IKATECH PLAN;PRUEBAS IKATECH;10;NATALYC;ANCLAJE APP SOA;;2024-12-23 17:38:04;;;0
39;ABIERTO;134;qa qa ;qa qa ;CAROPROD;2025-01-24 08:30:17;In coverage;EMERGENCY;CONCLUDED;qa testing services plan;TEST SERVICE;SOPORTE PLAN 2;CUENTA SOPORTE 2;10;NATALYC;ANCLAJE APP SOA;;2025-01-24 10:01:28;;;0
23;CERRADO;59;PRUEBA PRUEBA ;PRUEBA PRUEBA ;NATALYC;2024-12-19 15:14:32;In coverage;SCHEDULED;CANCELED;VEHICLE TRAILER TEST;TEST SERVICE;IKATECH PLAN;PRUEBAS IKATECH;3;NATALYC;ANCLAJE APP SOA;;;2024-12-19 15:16:56;;0
140;ABIERTO;350;IKATECH PRUEBA prueba ;IKATECH PRUEBA prueba ;idiomaika;2025-05-02 16:19:30;In coverage;SCHEDULED;CONCLUDED;CERRAJERÍA;HOGAR - CERRAJERÍA;PRUEBA PLAN MD;PRUEBA MD;10;idiomaika;ANCLAJE APP SOA;2025-05-02 16:22:02;2025-05-02 16:28:29;;;0
22;ABIERTO;116;PRUEBA APP PROVEEDOR ANDROID ;PRUEBA APP PROVEEDOR ANDROID ;NATALYC;2025-01-08 17:06:27;In coverage;EMERGENCY;CONCLUDED;PRUEBA APP PROVEEDOR;TEST SERVICE;SOPORTE PLAN 2;CUENTA SOPORTE 2;10;CONTACTEST4;APP;2025-01-08 17:32:26;2025-01-08 17:35:30;;;0
109;ABIERTO;235;DIEGO POSSO ;DIEGO POSSO ;DPOSSO;2025-03-14 11:38:02;In coverage;EMERGENCY;CONCLUDED;WASTE;WASTE MANAGEMENT;RESIDENTS DISTRICT 1;DISTRICT 1;10;DPOSSO;ANCLAJE APP SOA;2025-03-14 10:41:27;2025-03-14 11:42:40;;;0
120;ABIERTO;248;Raul Rodriguez ;Raul Rodriguez ;alexsly1;2025-03-17 10:58:17;In coverage;EMERGENCY;PROCESS;WASTE;WASTE MANAGEMENT;RESIDENTS DISTRICT 1;DISTRICT 1;3;DPOSSO-1787;APP;;;;;0
25;CERRADO;84;TEST TEST ;TEST TEST ;NATALYC;2024-12-26 15:32:03;In coverage;EMERGENCY;CANCELED;VEHICLE VIDEO TEST;IKATECH REMOLQUE VEHICULAR;PLAN SOPORTE;PRUEBAS SOPORTE;10;NATALYC;ANCLAJE APP SOA;;;2024-12-26 15:35:14;;0
3;CERRADO;6;PRUEBAS PRUEBAS ;PRUEBAS PRUEBAS ;NATALYC;2024-12-13 12:12:09;In coverage;EMERGENCY;CONCLUDED;PLAN SERVICES NEW;TEST SERVICE;SOPORTE PLAN;PRUEBAS SOPORTE;10;CONTACTEST1;APP;;2024-12-13 12:24:57;;;0
118;ABIERTO;246;Alejandro Cabrera ;Alejandro Cabrera ;alexsly1;2025-03-17 10:31:51;In coverage;EMERGENCY;CONCLUDED;WASTE;WASTE MANAGEMENT;RESIDENTS DISTRICT 1;DISTRICT 1;10;alexsly1;ANCLAJE APP SOA;2025-03-17 10:37:45;2025-03-17 10:41:18;;;0
15;CERRADO;29;qa qa ;qa qa ;NATALYC;2024-12-16 11:17:25;In coverage;EMERGENCY;CONCLUDED;SOPORTE PLAN SERVICIOS 2;SERVICIOS SOPORTE 3;SOPORTE PLAN 2;CUENTA SOPORTE 2;10;NATALYC;MANUAL;2024-12-16 14:34:34;2024-12-16 14:38:16;;;0
47;CERRADO;159;PRUEBA PRUEBA ;PRUEBA PRUEBA ;NATALYC;2025-01-29 14:00:29;In connection;EMERGENCY;CONCLUDED;SOPORTE PLAN SERVICIOS 2;SERVICIOS SOPORTE 3;IKATECH PLAN;PRUEBAS IKATECH;10;NATALYC;MANUAL;;2025-03-13 12:50:30;;;0
128;CERRADO;267;PRUEBA PRUEBA ;PRUEBA PRUEBA ;idiomaika;2025-04-23 15:28:21;In coverage;EMERGENCY;CONCLUDED;ELECTRICIDAD;HOGAR - ELECTRICIDAD;PRUEBA PLAN MD;PRUEBA MD;10;testw2;APP;2025-04-24 08:57:11;2025-04-24 09:37:54;;;0
16;ABIERTO;41;TEST UNO QA ;TEST UNO QA ;NATALYC;2024-12-16 17:34:13;In coverage;EMERGENCY;CONCLUDED;PRUEBA APP PROVEEDOR;TEST SERVICE;SOPORTE PLAN 2;CUENTA SOPORTE 2;10;NATALYC;MANUAL;;2024-12-16 18:08:42;;;0
58;CERRADO;171;bernardo Torres ;bernardo Torres ;JUANBER3;2025-02-25 17:27:03;In coverage;SCHEDULED;CONCLUDED;bernardo franjas horarias;bernardo franjas horarias;PRUEBA IKATECH QA;PRUEBAS IKATECH;10;JUANBER3;ANCLAJE BASE;;2025-02-25 17:29:16;;;0
140;ABIERTO;347;IKATECH PRUEBA prueba ;IKATECH PRUEBA prueba ;idiomaika;2025-05-02 15:43:43;In coverage;EMERGENCY;CONCLUDED;CERRAJERÍA;HOGAR - CERRAJERÍA;PRUEBA PLAN MD;PRUEBA MD;10;idiomaika;ANCLAJE APP SOA;2025-05-02 15:02:06;2025-05-02 16:10:28;;;0
115;ABIERTO;242;Alejandro Cabrera ;Alejandro Cabrera ;alexsly1;2025-03-17 08:42:29;In coverage;EMERGENCY;CONCLUDED;WASTE;WASTE MANAGEMENT;RESIDENTS DISTRICT 1;DISTRICT 1;10;alexsly1;ANCLAJE APP SOA;2025-03-17 08:59:50;2025-03-17 09:02:58;;;0
12;ABIERTO;16;TEST CINCO QA ;TEST CINCO QA ;NATALYC;2024-12-13 16:16:39;In coverage;EMERGENCY;CONCLUDED;SOPORTE PLAN SERVICIOS 2;SERVICIOS SOPORTE 3;SOPORTE PLAN 2;CUENTA SOPORTE 2;10;NATALYC;ANCLAJE APP SOA;;2024-12-13 16:28:12;;;0
109;ABIERTO;236;DIEGO POSSO ;DIEGO POSSO ;DPOSSO;2025-03-14 11:42:52;In coverage;EMERGENCY;CONCLUDED;WASTE;WASTE MANAGEMENT;RESIDENTS DISTRICT 1;DISTRICT 1;10;DPOSSO-1787;APP;2025-03-14 11:46:08;2025-03-14 11:46:43;;;0
131;ABIERTO;294;PRUEBA PRUEBA ;PRUEBA PRUEBA ;idiomaika;2025-04-24 16:27:54;In coverage;EMERGENCY;CONCLUDED;GRUAS PRUEBA;Hogar prueba;PRUEBA PLAN MD;PRUEBA MD;10;idiomaika;MANUAL;;2025-04-25 09:36:09;;;0
18;ABIERTO;36;pruebas pruebas ;pruebas pruebas ;userapp;2024-12-16 14:15:56;In coverage;EMERGENCY;CONCLUDED;SOPORTE PLAN SERVICIOS 2;SERVICIOS SOPORTE 3;SOPORTE PLAN 2;CUENTA SOPORTE 2;10;NATALYC;MANUAL;2024-12-16 14:51:41;2024-12-16 14:56:16;;;0
61;CERRADO;174;Diego CALLE Posso;Diego CALLE Posso;DPOSSO;2025-02-26 11:16:37;In coverage;EMERGENCY;CONCLUDED;PLOMERÍA;HOGAR - PLOMERÍA;HOGAR LA FLORIDA;MCS LA FLORIDA;10;DPOSSO;ANCLAJE BASE;2025-02-26 11:28:46;2025-02-26 11:29:21;;;0
1;ABIERTO;4;PRUEBAS PRUEBAS ;PRUEBAS PRUEBAS 1;NATALYC;2024-12-13 10:53:17;In coverage;EMERGENCY;CONCLUDED;VEHICLE MECANIC TEST;IKATECH REMOLQUE VEHICULAR;PLAN SOPORTE;PRUEBAS SOPORTE;10;CONTACTEST1;APP;2024-12-13 10:58:27;2024-12-13 10:58:51;;;0
126;ABIERTO;257;Alejandro Cabrera ;Alejandro Cabrera ;DPOSSO;2025-04-22 13:49:00;In coverage;EMERGENCY;PROCESS;PUBLIC SECURITY;PUBLIC SAFETY & EMERGENCY SERVICES;RESIDENTS DISTRICT 1;DISTRICT 1;2;;;;;;;0
128;CERRADO;275;PRUEBA PRUEBA ;PRUEBA PRUEBA ;idiomaika;2025-04-24 12:31:18;In coverage;EMERGENCY;CONCLUDED;GRUAS PRUEBA;Hogar prueba;PRUEBA PLAN MD;PRUEBA MD;10;TRAD1;APP;2025-04-24 15:24:54;2025-04-24 15:25:55;;;0
14;ABIERTO;23;PRUEBA PRUEBA ;PRUEBA PRUEBA ;NATALYC;2024-12-16 08:55:02;In coverage;EMERGENCY;CONCLUDED;Service Plan Two;TEST SERVICE;IKATECH PLAN;PRUEBAS IKATECH;10;CONTACTEST1;APP;;2024-12-16 09:19:13;;;0
152;CERRADO;371;PRUEBA QA ;PRUEBA QA ;PRUEBASIKA1;2025-05-21 16:07:28;In coverage;EMERGENCY;CONCLUDED;PRUEBA VIDEO CALL;HOGAR - CERRAJERÍA;IKATECH PLAN;PRUEBAS IKATECH;10;PRUEBASIKA1;MANUAL;;2025-05-21 16:07:59;;;0
1;ABIERTO;1;PRUEBAS PRUEBAS ;PRUEBAS PRUEBAS 1;NATALYC;2024-12-13 09:57:35;In coverage;EMERGENCY;CONCLUDED;VEHICLE MECANIC TEST;IKATECH REMOLQUE VEHICULAR;PLAN SOPORTE;PRUEBAS SOPORTE;10;NATALYC;ANCLAJE APP SOA;2024-12-13 10:25:37;2024-12-13 10:25:50;;;0
29;CERRADO;111;TEST TEST ;TEST TEST ;NATALYC;2025-01-08 14:53:53;In coverage;EMERGENCY;CONCLUDED;VEHICLE AMPER TEST;IKATECH REMOLQUE VEHICULAR;SOPORTE PLAN 2;CUENTA SOPORTE 2;10;NATALYC;MANUAL;;2025-01-08 14:57:34;;;0
25;CERRADO;86;TEST TEST ;TEST TEST ;NATALYC;2024-12-26 16:06:00;In coverage;SCHEDULED;CANCELED;VEHICLE VIDEO TEST;IKATECH REMOLQUE VEHICULAR;PLAN SOPORTE;PRUEBAS SOPORTE;10;NATALYC;ANCLAJE APP SOA;;;2024-12-26 16:39:03;;0
19;CERRADO;49;TESTT TESTt ;TESTT TESTt ;userapp;2024-12-17 17:55:57;In coverage;EMERGENCY;CANCELED;VEHICLE TRANSPORT TEST;IKATECH REMOLQUE VEHICULAR;PLAN SOPORTE;PRUEBAS SOPORTE;9;NATALYC;MANUAL;;;2024-12-17 18:00:41;;0
7;CERRADO;22;TEST TEST ;PRUEBA TEST QA;NATALYC;2024-12-13 17:19:59;In coverage;SCHEDULED;CONCLUDED;VEHICLE MECANIC TEST;IKATECH REMOLQUE VEHICULAR;PLAN SOPORTE;PRUEBAS SOPORTE;10;NATALYC;MANUAL;;2024-12-13 17:21:16;;;0
21;ABIERTO;70;PRUEBA QA ;PRUEBA QA ;NATALYC;2024-12-20 09:45:19;In coverage;EMERGENCY;CONCLUDED;VEHICLE AMPER TEST;IKATECH REMOLQUE VEHICULAR;SOPORTE PLAN 2;CUENTA SOPORTE 2;10;TRADUCCIONESIKA;APP;2024-12-20 10:14:10;2024-12-20 10:15:04;;;0
17;CERRADO;45;PRUEBA PRUEBA ;PRUEBA PRUEBA ;NATALYC;2024-12-17 09:00:14;In coverage;EMERGENCY;CONCLUDED;Service Plan Two;TEST SERVICE;IKATECH PLAN;PRUEBAS IKATECH;10;NATALYC;MANUAL;;2024-12-17 09:10:16;;;0
23;CERRADO;60;PRUEBA PRUEBA ;PRUEBA PRUEBA ;userapp;2024-12-19 15:19:29;In coverage;EMERGENCY;CANCELED;VEHICLE TRAILER TEST;TEST SERVICE;IKATECH PLAN;PRUEBAS IKATECH;2;;;;;2024-12-19 15:19:39;;0
117;ABIERTO;245;Monica Medina ;Monica Medina ;ALJ-NARRO;2025-03-17 09:20:39;In coverage;SCHEDULED;PROCESS;MEETING REQUEST;PERMITS & GOVERNMENTAL PROCEDURES;RESIDENTS DISTRICT 1;DISTRICT 1;10;ALJ-NARRO;MANUAL;;;;;0
55;CERRADO;166;PRUEBA QA ;PRUEBA QA ;PRUEBASIKA1;2025-02-10 16:04:15;In coverage;EMERGENCY;CONCLUDED;SOPORTE PLAN SERVICIOS 2;SERVICIOS SOPORTE 3;IKATECH PLAN;PRUEBAS IKATECH;10;PRUEBASIKA1;ANCLAJE APP SOA;;2025-02-10 16:07:30;;;0
131;ABIERTO;291;PRUEBA PRUEBA ;PRUEBA PRUEBA ;idiomaika;2025-04-24 15:50:40;In coverage;SCHEDULED;CONCLUDED;PRUEBA VIDEO CALL;HOGAR - CERRAJERÍA;PRUEBA PLAN MD;PRUEBA MD;10;idiomaika;ANCLAJE APP SOA;2025-04-24 16:02:15;2025-04-24 16:02:15;;;0
7;CERRADO;35;TEST TEST ;PRUEBA TEST QA;NATALYC;2024-12-16 12:37:28;In coverage;EMERGENCY;CONCLUDED;VEHICLE AMPER TEST;IKATECH REMOLQUE VEHICULAR;SOPORTE PLAN 2;CUENTA SOPORTE 2;10;NATALYC;MANUAL;;2024-12-27 08:00:25;;;0
59;CERRADO;173;bernardo Torres ;bernardo Torres ;JUANBER3;2025-02-26 09:38:34;In coverage;SCHEDULED;CONCLUDED;bernardo franjas horarias;bernardo franjas horarias;PRUEBA IKATECH QA;PRUEBAS IKATECH;10;JUANBER3;ANCLAJE BASE;;2025-02-26 09:48:35;;;0
134;ABIERTO;306;Raul Rodriguez ;Raul Rodriguez ;alexsly1;2025-04-28 10:27:17;In coverage;EMERGENCY;CONCLUDED;WASTE;WASTE MANAGEMENT;RESIDENTS DISTRICT 1;DISTRICT 1;10;DPOSSO-1787;APP;2025-04-28 11:40:58;2025-04-28 10:45:54;;;0
135;ABIERTO;308;Raul Rodriguez ;Raul Rodriguez ;alexsly1;2025-04-28 10:49:58;In coverage;EMERGENCY;CONCLUDED;WASTE;WASTE MANAGEMENT;RESIDENTS DISTRICT 1;DISTRICT 1;10;alexsly1;ANCLAJE APP SOA;2025-04-28 11:55:01;2025-04-28 10:55:29;;;0
68;CERRADO;183;bernardo Torres ;bernardo Torres ;JUANBER3;2025-02-27 12:00:23;In coverage;EMERGENCY;CONCLUDED;bernardo franjas horarias;bernardo franjas horarias;PRUEBA IKATECH QA;PRUEBAS IKATECH;10;JUANBER3;ANCLAJE APP SOA;2025-02-27 12:02:44;2025-02-27 12:04:13;;;0
25;CERRADO;88;TEST TEST ;TEST TEST ;userapp;2024-12-26 16:39:23;In coverage;SCHEDULED;CONCLUDED;VEHICLE VIDEO TEST;IKATECH REMOLQUE VEHICULAR;PLAN SOPORTE;PRUEBAS SOPORTE;10;NATALYC;ANCLAJE APP SOA;;2024-12-27 08:00:09;;;0
130;ABIERTO;272;Raul Rodriguez ;Raul Rodriguez ;alexsly1;2025-04-24 08:41:16;In coverage;EMERGENCY;PROCESS;WASTE;WASTE MANAGEMENT;RESIDENTS DISTRICT 1;DISTRICT 1;2;;;;;;;0
102;ABIERTO;223;Monica Medina ;Monica Medina ;DPOSSO;2025-03-13 13:43:31;In coverage;EMERGENCY;CONCLUDED;WASTE;WASTE MANAGEMENT;RESIDENTS DISTRICT 1;DISTRICT 1;10;DPOSSO;ANCLAJE APP SOA;2025-03-13 13:56:07;2025-03-13 14:02:16;;;0
112;ABIERTO;240;Raul Rodriguez ;Raul Rodriguez ;alexsly1;2025-03-14 13:54:25;In coverage;EMERGENCY;CONCLUDED;PUBLIC SECURITY;PUBLIC SAFETY & EMERGENCY SERVICES;RESIDENTS DISTRICT 1;DISTRICT 1;10;alexsly1;MANUAL;;2025-03-14 14:24:40;;;0
128;CERRADO;283;PRUEBA PRUEBA ;PRUEBA PRUEBA ;idiomaika;2025-04-24 14:53:45;In coverage;EMERGENCY;CONCLUDED;CERRAJERÍA;HOGAR - CERRAJERÍA;PRUEBA PLAN MD;PRUEBA MD;10;testw2;APP;2025-04-24 14:56:50;2025-04-24 15:00:27;;;0
42;ABIERTO;144;PRUEBA QA ;PRUEBA QA ;idiomaika;2025-01-24 16:11:44;In coverage;EMERGENCY;CONCLUDED;PRUEBAS IKATECH;HOGAR - PLOMERÍA;PRUEBA IKATECHS;PRUEBAS IKATECH;10;KMUSA;APP;2025-01-24 16:24:35;2025-02-26 11:35:49;;;0
4;CERRADO;7;PRUEBAS PRUEBAS ;PRUEBAS PRUEBAS ;NATALYC;2024-12-13 12:26:38;In coverage;EMERGENCY;CONCLUDED;PLAN SERVICES NEW;TEST SERVICE;SOPORTE PLAN;PRUEBAS SOPORTE;10;NATALYC;ANCLAJE APP SOA;;2024-12-13 12:40:23;;;0
